{
  "projectKey": "BANKCUSTOMERSEGMENTATION",
  "id": "SCENARIO_EXAMPLE",
  "type": "step_based",
  "name": "Scenario_example",
  "active": false,
  "versionTag": {
    "versionNumber": 9,
    "lastModifiedBy": {
      "login": "nick"
    },
    "lastModifiedOn": 1627312243909
  },
  "checklists": {
    "checklists": []
  },
  "delayedTriggersBehavior": {
    "delayWhileRunning": true,
    "squashDelayedTriggers": true,
    "suppressTriggersWhileRunning": true
  },
  "tags": [],
  "triggers": [
    {
      "id": "ww8FDudy",
      "type": "temporal",
      "name": "Time-based",
      "delay": 5,
      "active": true,
      "params": {
        "repeatFrequency": 1,
        "frequency": "Hourly",
        "startingFrom": "2021-07-26T11:10:00.000Z",
        "daysOfWeek": [
          "Monday"
        ],
        "monthlyRunOn": "ON_THE_DAY",
        "minute": 10,
        "hour": 19,
        "timezone": "SERVER"
      }
    }
  ],
  "reporters": [
    {
      "active": true,
      "messaging": {
        "type": "mail-scenario",
        "configuration": {
          "subject": "DSS scenario ${scenarioName}: ${outcome}",
          "sendAsHTML": false,
          "attachments": [],
          "messageSource": "TEMPLATE_FILE",
          "templateFormat": "FREEMARKER",
          "templateName": "default.ftl"
        }
      },
      "id": "A1RzdgF5",
      "runConditionEnabled": true,
      "runCondition": "outcome !\u003d \u0027SUCCESS\u0027",
      "phase": "END"
    }
  ],
  "params": {
    "steps": [
      {
        "id": "build_0_true_d_customer_data",
        "type": "build_flowitem",
        "name": "Build transaction dataset",
        "runConditionType": "RUN_IF_STATUS_MATCH",
        "runConditionStatuses": [
          "SUCCESS",
          "WARNING"
        ],
        "runConditionExpression": "",
        "resetScenarioStatus": false,
        "delayBetweenRetries": 10,
        "maxRetriesOnFail": 0,
        "params": {
          "builds": [
            {
              "type": "DATASET",
              "itemId": "sor_casa_td_trx_300p_latest",
              "partitionsSpec": ""
            }
          ],
          "jobType": "RECURSIVE_BUILD",
          "refreshHiveMetastore": true,
          "proceedOnFailure": false
        }
      },
      {
        "id": "build_0_true_m_dzxJUgDT",
        "type": "build_flowitem",
        "name": "Forecast Model",
        "runConditionType": "RUN_IF_STATUS_MATCH",
        "runConditionStatuses": [
          "SUCCESS",
          "WARNING"
        ],
        "runConditionExpression": "",
        "resetScenarioStatus": false,
        "delayBetweenRetries": 10,
        "maxRetriesOnFail": 0,
        "params": {
          "builds": [
            {
              "type": "MANAGED_FOLDER",
              "itemId": "xfFQoCJU",
              "partitionsSpec": ""
            }
          ],
          "jobType": "RECURSIVE_BUILD",
          "refreshHiveMetastore": true,
          "proceedOnFailure": false
        }
      },
      {
        "id": "check_false_m_dzxJUgDT",
        "type": "check_dataset",
        "name": "Check metrics",
        "runConditionType": "RUN_IF_STATUS_MATCH",
        "runConditionStatuses": [
          "SUCCESS",
          "WARNING"
        ],
        "runConditionExpression": "",
        "resetScenarioStatus": false,
        "delayBetweenRetries": 10,
        "maxRetriesOnFail": 0,
        "params": {
          "checks": [
            {
              "type": "DATASET",
              "itemId": "sor_casa_td_trx_FC_downsample",
              "partitionsSpec": ""
            }
          ],
          "warningsAsErrors": false,
          "proceedOnFailure": false
        }
      },
      {
        "id": "refresh_chart_cache_n1Lxqdj",
        "type": "refresh_chart_cache",
        "name": "Dashboard",
        "runConditionType": "RUN_IF_STATUS_MATCH",
        "runConditionStatuses": [
          "SUCCESS",
          "WARNING"
        ],
        "runConditionExpression": "",
        "resetScenarioStatus": false,
        "delayBetweenRetries": 10,
        "maxRetriesOnFail": 0,
        "params": {
          "force": false,
          "dashboards": [
            {
              "smartName": "n1Lxqdj",
              "name": "Bank Customer Segmentation\u0027s default dashboard"
            }
          ],
          "proceedOnFailure": false
        }
      }
    ]
  },
  "automationLocal": false,
  "customFields": {}
}