{
  "type": "metrics",
  "params": {
    "objectSmartId": "sor_casa_td_trx_FC_prep",
    "objectType": "DATASET",
    "metricId": "col_stats:SUM:trans_amt"
  },
  "owner": "nick",
  "listed": false,
  "name": "Sum of trans_amt on sor_casa_td_trx_FC_prep",
  "dashboardCreationId": "n1Lxqdj",
  "versionTag": {
    "versionNumber": 0,
    "lastModifiedBy": {
      "login": "nick"
    },
    "lastModifiedOn": 1626917921088
  },
  "creationTag": {
    "versionNumber": 0,
    "lastModifiedBy": {
      "login": "nick"
    },
    "lastModifiedOn": 1626917921088
  },
  "tags": [],
  "customFields": {},
  "checklists": {
    "checklists": []
  }
}