{
  "type": "saved-model_report",
  "params": {
    "savedModelSmartId": "fMQe4fOs"
  },
  "owner": "nick",
  "listed": false,
  "name": "Full report of model Clustering (KMEANS) on customer_data_casa_active_prepared",
  "dashboardCreationId": "n1Lxqdj",
  "versionTag": {
    "versionNumber": 0,
    "lastModifiedBy": {
      "login": "nick"
    },
    "lastModifiedOn": 1626958824483
  },
  "creationTag": {
    "versionNumber": 0,
    "lastModifiedBy": {
      "login": "nick"
    },
    "lastModifiedOn": 1626958824483
  },
  "tags": [],
  "customFields": {},
  "checklists": {
    "checklists": []
  }
}