{
  "type": "metrics",
  "params": {
    "objectSmartId": "sor_casa_td_trx_FC_prep",
    "objectType": "DATASET",
    "metricId": "records:COUNT_RECORDS"
  },
  "owner": "nick",
  "listed": false,
  "name": "Record count of sor_casa_td_trx_FC_prep",
  "dashboardCreationId": "n1Lxqdj",
  "versionTag": {
    "versionNumber": 0,
    "lastModifiedBy": {
      "login": "nick"
    },
    "lastModifiedOn": 1626917896280
  },
  "creationTag": {
    "versionNumber": 0,
    "lastModifiedBy": {
      "login": "nick"
    },
    "lastModifiedOn": 1626917896280
  },
  "tags": [],
  "customFields": {},
  "checklists": {
    "checklists": []
  }
}