{
  "type": "metrics",
  "params": {
    "objectSmartId": "gcn_master_casa_flagged_prepared_by_gcn_number",
    "objectType": "DATASET",
    "metricId": "records:COUNT_RECORDS"
  },
  "owner": "ririn.abeam",
  "listed": false,
  "name": "Record count of gcn_master_casa_flagged_prepared_by_gcn_number",
  "dashboardCreationId": "n1Lxqdj",
  "versionTag": {
    "versionNumber": 0,
    "lastModifiedBy": {
      "login": "ririn.abeam"
    },
    "lastModifiedOn": 1626953960195
  },
  "creationTag": {
    "versionNumber": 0,
    "lastModifiedBy": {
      "login": "ririn.abeam"
    },
    "lastModifiedOn": 1626953960195
  },
  "tags": [],
  "customFields": {},
  "checklists": {
    "checklists": []
  }
}