{
  "type": "metrics",
  "params": {
    "objectSmartId": "customer_data_prepared",
    "objectType": "DATASET",
    "metricId": "col_stats:MEAN:product_holding"
  },
  "owner": "ririn.abeam",
  "listed": false,
  "name": "Avg of product_holding on customer_data_prepared",
  "dashboardCreationId": "n1Lxqdj",
  "versionTag": {
    "versionNumber": 0,
    "lastModifiedBy": {
      "login": "ririn.abeam"
    },
    "lastModifiedOn": 1627266945912
  },
  "creationTag": {
    "versionNumber": 0,
    "lastModifiedBy": {
      "login": "ririn.abeam"
    },
    "lastModifiedOn": 1627266945912
  },
  "tags": [],
  "customFields": {},
  "checklists": {
    "checklists": []
  }
}