{
  "type": "metrics",
  "params": {
    "objectSmartId": "customer_sa_all_product_test_filtered_scored",
    "objectType": "DATASET",
    "metricId": "records:COUNT_RECORDS"
  },
  "owner": "nick",
  "listed": false,
  "name": "Record count of customer_sa_all_product_test_filtered_scored",
  "dashboardCreationId": "n1Lxqdj",
  "versionTag": {
    "versionNumber": 0,
    "lastModifiedBy": {
      "login": "nick"
    },
    "lastModifiedOn": 1627098186094
  },
  "creationTag": {
    "versionNumber": 0,
    "lastModifiedBy": {
      "login": "nick"
    },
    "lastModifiedOn": 1627098186094
  },
  "tags": [],
  "customFields": {},
  "checklists": {
    "checklists": []
  }
}