{
  "type": "metrics",
  "params": {
    "objectSmartId": "customer_data_prepared_sa_td",
    "objectType": "DATASET",
    "metricId": "records:COUNT_RECORDS"
  },
  "owner": "ririn.abeam",
  "listed": false,
  "name": "Record count of customer_data_prepared_sa_td",
  "dashboardCreationId": "n1Lxqdj",
  "versionTag": {
    "versionNumber": 0,
    "lastModifiedBy": {
      "login": "ririn.abeam"
    },
    "lastModifiedOn": 1627297620935
  },
  "creationTag": {
    "versionNumber": 0,
    "lastModifiedBy": {
      "login": "ririn.abeam"
    },
    "lastModifiedOn": 1627297620935
  },
  "tags": [],
  "customFields": {},
  "checklists": {
    "checklists": []
  }
}