{
  "type": "eda",
  "params": {
    "card": {
      "type": "univariate_header",
      "showHistogram": false,
      "showQuantile": false,
      "showFrequencyTable": true,
      "showSummary": true,
      "showBoxPlot": false,
      "xColumns": [
        {
          "name": "city_of_birth",
          "type": "CATEGORICAL"
        }
      ],
      "cards": [
        {
          "type": "column_card",
          "column": {
            "name": "city_of_birth",
            "type": "CATEGORICAL"
          },
          "cards": [
            {
              "type": "univariate_summary",
              "confidenceLevel": 0.95,
              "showConfidenceInterval": false,
              "compute": {
                "totalCount": true,
                "mean": true,
                "sum": false,
                "median": true,
                "std": true,
                "variance": false,
                "skewness": false,
                "kurtosis": false,
                "sem": false,
                "completeCount": true,
                "nbEmpty": true,
                "zeroCount": false,
                "zeroRatio": false,
                "nonZeroRatio": false,
                "iqr": false,
                "distinctCount": true,
                "nbNonEmpty": false,
                "min": true,
                "max": true,
                "range": false,
                "mode": true
              },
              "column": {
                "name": "city_of_birth",
                "type": "CATEGORICAL"
              },
              "id": "24BgR5W"
            },
            {
              "type": "univariate_frequency_table",
              "maxValues": 10,
              "column": {
                "name": "city_of_birth",
                "type": "CATEGORICAL"
              },
              "id": "E8V8k0N"
            }
          ],
          "id": "KDMsjPS"
        }
      ],
      "splitBy": {
        "groupingColumn": {
          "name": "cluster_labels",
          "type": "CATEGORICAL"
        },
        "binningMode": "AUTO",
        "maxValues": 6,
        "groupWithOthers": true,
        "customBinningBoundaries": [],
        "groupWithAll": true
      },
      "id": "C8KdX3r"
    },
    "dataSpec": {
      "inputDatasetSmartName": "customer_segments_scored",
      "datasetSelection": {
        "useMemTable": false,
        "filter": {
          "distinct": false,
          "enabled": false
        },
        "partitionSelectionMethod": "ALL",
        "latestPartitionsN": 1,
        "ordering": {
          "enabled": false,
          "rules": []
        },
        "samplingMethod": "HEAD_SEQUENTIAL",
        "maxRecords": 100000,
        "targetRatio": 0.02,
        "withinFirstN": -1,
        "maxReadUncompressedBytes": -1
      },
      "autoRefreshSample": true,
      "refreshTrigger": 0,
      "containerSelection": {
        "containerMode": "INHERIT"
      }
    }
  },
  "owner": "nick",
  "listed": true,
  "name": "Univariate analysis on 1 variable ",
  "dashboardCreationId": "n1Lxqdj",
  "versionTag": {
    "versionNumber": 0,
    "lastModifiedBy": {
      "login": "nick"
    },
    "lastModifiedOn": 1626958588342
  },
  "creationTag": {
    "versionNumber": 0,
    "lastModifiedBy": {
      "login": "nick"
    },
    "lastModifiedOn": 1626958588342
  },
  "tags": [],
  "customFields": {},
  "checklists": {
    "checklists": []
  }
}