{
  "type": "metrics",
  "params": {
    "objectSmartId": "customer_data_prepared_sa_td",
    "objectType": "DATASET",
    "metricId": "col_stats:SUM:td_current_cash_value_sum"
  },
  "owner": "ririn.abeam",
  "listed": false,
  "name": "Sum of td_current_cash_value_sum on customer_data_prepared_sa_td",
  "dashboardCreationId": "n1Lxqdj",
  "versionTag": {
    "versionNumber": 0,
    "lastModifiedBy": {
      "login": "ririn.abeam"
    },
    "lastModifiedOn": 1627297453701
  },
  "creationTag": {
    "versionNumber": 0,
    "lastModifiedBy": {
      "login": "ririn.abeam"
    },
    "lastModifiedOn": 1627297453701
  },
  "tags": [],
  "customFields": {},
  "checklists": {
    "checklists": []
  }
}