{
  "type": "static_file",
  "params": {
    "contentType": "image/png",
    "filetype": "image"
  },
  "owner": "nick",
  "listed": false,
  "name": "matplotlib-plot",
  "versionTag": {
    "versionNumber": 0,
    "lastModifiedBy": {
      "login": "nick"
    },
    "lastModifiedOn": 1626921374797
  },
  "creationTag": {
    "versionNumber": 0,
    "lastModifiedBy": {
      "login": "nick"
    },
    "lastModifiedOn": 1626921374797
  },
  "tags": [],
  "customFields": {},
  "checklists": {
    "checklists": []
  }
}