{
  "type": "metrics",
  "params": {
    "objectSmartId": "customer_data_prepared",
    "objectType": "DATASET",
    "metricId": "adv_col_stats:TOP10:permanent_residence"
  },
  "owner": "ririn.abeam",
  "listed": false,
  "name": "Top 10 values of permanent_residence on customer_data_prepared",
  "dashboardCreationId": "n1Lxqdj",
  "versionTag": {
    "versionNumber": 0,
    "lastModifiedBy": {
      "login": "ririn.abeam"
    },
    "lastModifiedOn": 1627208622198
  },
  "creationTag": {
    "versionNumber": 0,
    "lastModifiedBy": {
      "login": "ririn.abeam"
    },
    "lastModifiedOn": 1627208622198
  },
  "tags": [],
  "customFields": {},
  "checklists": {
    "checklists": []
  }
}