{
  "type": "chart",
  "params": {
    "datasetSmartName": "customer_data",
    "engineType": "LINO",
    "refreshableSelection": {
      "selection": {
        "useMemTable": false,
        "filter": {
          "distinct": false,
          "enabled": false
        },
        "partitionSelectionMethod": "ALL",
        "latestPartitionsN": 1,
        "ordering": {
          "enabled": false,
          "rules": []
        },
        "samplingMethod": "HEAD_SEQUENTIAL",
        "maxRecords": 200000,
        "targetRatio": 0.02,
        "withinFirstN": -1,
        "maxReadUncompressedBytes": -1
      },
      "autoRefreshSample": false,
      "_refreshTrigger": 8
    },
    "def": {
      "type": "stacked_area",
      "variant": "normal",
      "name": "Avg. of Credit Card Total Transaction by Age Group and Number of Cards ",
      "userEditedName": true,
      "genericDimension0": [
        {
          "column": "age_group",
          "type": "ALPHANUM",
          "numParams": {
            "emptyBinsMode": "ZEROS"
          },
          "maxValues": 20,
          "generateOthersCategory": true,
          "oneTickPerBin": false,
          "filters": [],
          "isA": "dimension",
          "possibleSorts": [
            {
              "type": "NATURAL",
              "label": "Natural ordering",
              "sortAscending": true
            },
            {
              "type": "AGGREGATION",
              "measureIdx": 0,
              "label": "Average of cc_trans_amt_sum, descending"
            },
            {
              "type": "AGGREGATION",
              "measureIdx": 0,
              "label": "Average of cc_trans_amt_sum, ascending",
              "sortAscending": true
            }
          ],
          "sort": {
            "type": "NATURAL",
            "label": "Natural ordering",
            "sortAscending": true
          }
        }
      ],
      "genericDimension1": [
        {
          "column": "cc_count",
          "type": "NUMERICAL",
          "numParams": {
            "mode": "TREAT_AS_ALPHANUM",
            "nbBins": "9",
            "binSize": 100,
            "emptyBinsMode": "ZEROS",
            "niceBounds": false
          },
          "maxValues": 10,
          "generateOthersCategory": true,
          "oneTickPerBin": false,
          "filters": [],
          "isA": "dimension",
          "possibleSorts": [
            {
              "type": "NATURAL",
              "label": "Natural ordering",
              "sortAscending": true,
              "$$hashKey": "object:6019"
            },
            {
              "type": "AGGREGATION",
              "measureIdx": 0,
              "label": "Average of cc_trans_amt_sum, descending",
              "$$hashKey": "object:6020"
            },
            {
              "type": "AGGREGATION",
              "measureIdx": 0,
              "label": "Average of cc_trans_amt_sum, ascending",
              "sortAscending": true,
              "$$hashKey": "object:6021"
            }
          ],
          "sort": {
            "type": "NATURAL",
            "label": "Natural ordering",
            "sortAscending": true,
            "$$hashKey": "object:6019"
          }
        }
      ],
      "facetDimension": [],
      "animationDimension": [],
      "genericMeasures": [
        {
          "column": "cc_trans_amt_sum",
          "function": "AVG",
          "type": "NUMERICAL",
          "displayed": true,
          "isA": "measure",
          "displayAxis": "axis1",
          "displayType": "column",
          "computeMode": "NORMAL",
          "computeModeDim": 0
        }
      ],
      "xDimension": [],
      "yDimension": [],
      "uaXDimension": [],
      "uaYDimension": [],
      "uaSize": [],
      "uaShape": [],
      "uaColor": [],
      "uaTooltip": [],
      "groupDimension": [],
      "xMeasure": [],
      "yMeasure": [],
      "colorMeasure": [],
      "sizeMeasure": [],
      "geometry": [],
      "tooltipMeasures": [],
      "boxplotBreakdownDim": [],
      "boxplotValue": [],
      "filters": [],
      "axis1LogScale": false,
      "axis2LogScale": false,
      "includeZero": true,
      "smoothing": true,
      "showLegend": true,
      "showXAxis": true,
      "showInChartValues": false,
      "showInChartLabels": true,
      "strokeWidth": 1,
      "fillOpacity": 0.6,
      "showXAxisLabel": true,
      "showYAxisLabel": true,
      "hexbinRadius": 20,
      "hexbinNumber": 20,
      "hexbinRadiusMode": "NUM_HEXAGONS",
      "chartHeight": 200,
      "singleXAxis": true,
      "multiTooltips": false,
      "animationFrameDuration": 3000,
      "animationRepeat": true,
      "colorOptions": {
        "singleColor": "#2678B1",
        "transparency": 0.75,
        "colorPalette": "dku_deuteranopia1",
        "ccScaleMode": "NORMAL",
        "customPalette": {
          "id": "__dku_custom__",
          "name": "Custom Palette",
          "colors": [
            "rgb(166,206,227)",
            "rgb(31,120,180)",
            "rgb(178,223,138)",
            "rgb(51,160,44)",
            "rgb(251,154,153)",
            "rgb(227,26,28)",
            "rgb(253,191,111)",
            "rgb(255,127,0)",
            "rgb(202,178,214)",
            "rgb(106,61,154)",
            "rgb(255,255,153)",
            "rgb(177,89,40)"
          ],
          "values": [],
          "fixedValues": false
        },
        "paletteType": "CONTINUOUS",
        "quantizationMode": "NONE",
        "numQuantizeSteps": 5,
        "paletteMiddleValue": 0.0
      },
      "bubblesOptions": {
        "defaultRadius": 5.0,
        "singleShape": "FILLED_CIRCLE"
      },
      "computeMode": "NORMAL",
      "xAxisMode": "NORMAL",
      "yAxisMode": "NORMAL",
      "pieOptions": {
        "donutHoleSize": 54.0
      },
      "scatterOptions": {
        "equalScales": false,
        "identityLine": false
      },
      "mapOptions": {
        "tilesLayer": "cartodb-positron",
        "lockSquareGrid": false
      },
      "mapGridOptions": {
        "gridLonDeg": 0.5,
        "gridLatDeg": 0.5
      },
      "disableSafetyLimits": false,
      "useLiveProcessingIfAvailable": true,
      "legendPlacement": "OUTER_RIGHT"
    },
    "maxDataBytes": 157286400
  },
  "owner": "denny.abeam",
  "listed": false,
  "name": "Avg. of Credit Card Total Transaction by Age Group and Number of Cards  on customer_data",
  "dashboardCreationId": "n1Lxqdj",
  "versionTag": {
    "versionNumber": 2,
    "lastModifiedBy": {
      "login": "denny.abeam"
    },
    "lastModifiedOn": 1627132275422
  },
  "creationTag": {
    "versionNumber": 0,
    "lastModifiedBy": {
      "login": "denny.abeam"
    },
    "lastModifiedOn": 1627105306045
  },
  "tags": [],
  "customFields": {},
  "checklists": {
    "checklists": []
  }
}