{
  "type": "saved-model_report",
  "params": {
    "savedModelSmartId": "dzxJUgDT"
  },
  "owner": "nick",
  "listed": false,
  "name": "Full report of model Prediction (RANDOM_FOREST_CLASSIFICATION) on customer_data_sa_all_product_train",
  "dashboardCreationId": "n1Lxqdj",
  "versionTag": {
    "versionNumber": 0,
    "lastModifiedBy": {
      "login": "nick"
    },
    "lastModifiedOn": 1627100929615
  },
  "creationTag": {
    "versionNumber": 0,
    "lastModifiedBy": {
      "login": "nick"
    },
    "lastModifiedOn": 1627100929615
  },
  "tags": [],
  "customFields": {},
  "checklists": {
    "checklists": []
  }
}