{
  "type": "eda",
  "params": {
    "card": {
      "type": "quantile_table",
      "confidenceLevel": 0.95,
      "showConfidenceInterval": false,
      "column": {
        "name": "trans_amt",
        "type": "CONTINUOUS"
      },
      "id": "TlOwYfp"
    },
    "dataSpec": {
      "inputDatasetSmartName": "sor_casa_td_trx_FC_prep",
      "datasetSelection": {
        "useMemTable": false,
        "filter": {
          "distinct": false,
          "enabled": false
        },
        "partitionSelectionMethod": "ALL",
        "latestPartitionsN": 1,
        "ordering": {
          "enabled": false,
          "rules": []
        },
        "samplingMethod": "HEAD_SEQUENTIAL",
        "maxRecords": 1000000,
        "targetRatio": 0.2,
        "withinFirstN": -1,
        "maxReadUncompressedBytes": -1
      },
      "autoRefreshSample": true,
      "refreshTrigger": 3,
      "containerSelection": {
        "containerMode": "INHERIT"
      }
    }
  },
  "owner": "nick",
  "listed": true,
  "name": "Quantile table on trans_amt ",
  "dashboardCreationId": "n1Lxqdj",
  "versionTag": {
    "versionNumber": 0,
    "lastModifiedBy": {
      "login": "nick"
    },
    "lastModifiedOn": 1626923766687
  },
  "creationTag": {
    "versionNumber": 0,
    "lastModifiedBy": {
      "login": "nick"
    },
    "lastModifiedOn": 1626923766687
  },
  "tags": [],
  "customFields": {},
  "checklists": {
    "checklists": []
  }
}