{
  "homeArticleId": "23",
  "taxonomy": [
    {
      "id": "22",
      "children": [
        {
          "id": "12",
          "children": []
        },
        {
          "id": "7",
          "children": [
            {
              "id": "8",
              "children": []
            },
            {
              "id": "9",
              "children": []
            },
            {
              "id": "10",
              "children": []
            },
            {
              "id": "11",
              "children": []
            }
          ]
        },
        {
          "id": "21",
          "children": []
        },
        {
          "id": "2",
          "children": []
        },
        {
          "id": "3",
          "children": []
        },
        {
          "id": "4",
          "children": []
        },
        {
          "id": "5",
          "children": []
        },
        {
          "id": "6",
          "children": []
        },
        {
          "id": "13",
          "children": []
        },
        {
          "id": "14",
          "children": []
        },
        {
          "id": "15",
          "children": []
        },
        {
          "id": "16",
          "children": []
        },
        {
          "id": "17",
          "children": []
        },
        {
          "id": "18",
          "children": []
        }
      ]
    },
    {
      "id": "23",
      "children": []
    }
  ]
}