{
  "inputDatasetSmartName": "customer_data_sa_all_product_train",
  "script": {
    "steps": [],
    "maxProcessedMemTableBytes": -1,
    "columnsSelection": {
      "mode": "ALL"
    },
    "columnWidthsByName": {
      "gcn_number": 127,
      "kyc_economic_sector_desc": 195,
      "permanent_residence": 158,
      "city_of_birth": 155,
      "generation_group": 135,
      "age": 100,
      "age_group": 100,
      "gender": 100,
      "marital_status_desc": 158,
      "nationality_cd": 120,
      "last_education_lvl_desc": 188,
      "religion_desc": 113,
      "vintage_year": 105,
      "vintage_year_group": 150,
      "target_product": 120
    },
    "coloring": {
      "scheme": "MEANING_AND_STATUS",
      "individualColumns": [],
      "valueColoringMode": "HASH"
    },
    "sorting": [],
    "analysisColumnData": {
      "permanent_residence": {
        "meaning": "Text"
      }
    },
    "explorationSampling": {
      "selection": {
        "maxStoredBytes": 104857600,
        "timeout": -1,
        "filter": {
          "distinct": false,
          "enabled": false
        },
        "partitionSelectionMethod": "ALL",
        "latestPartitionsN": 1,
        "ordering": {
          "enabled": false,
          "rules": []
        },
        "samplingMethod": "STRATIFIED_TARGET_NB_EXACT",
        "maxRecords": 20000,
        "targetRatio": 0.02,
        "column": "target_product",
        "withinFirstN": -1,
        "maxReadUncompressedBytes": -1
      },
      "autoRefreshSample": false,
      "_refreshTrigger": 3
    },
    "vizSampling": {
      "autoRefreshSample": false,
      "_refreshTrigger": 0
    },
    "exploreUIParams": {
      "autoRefresh": true
    },
    "globalSearchQuery": "",
    "explorationFilters": [],
    "previewMode": "ALL_ROWS"
  },
  "charts": [],
  "name": "Cross Sell Model",
  "versionTag": {
    "versionNumber": 3,
    "lastModifiedBy": {
      "login": "ririn.abeam"
    },
    "lastModifiedOn": 1626759363251
  },
  "creationTag": {
    "versionNumber": 0,
    "lastModifiedBy": {
      "login": "ririn.abeam"
    },
    "lastModifiedOn": 1626759190666
  },
  "tags": [],
  "customFields": {},
  "checklists": {
    "checklists": []
  }
}