{
  "name": "CC trx",
  "layout": "WIKI_ARTICLE",
  "attachments": [
    {
      "attachmentType": "FILE",
      "smartId": "KB6FTbtKdrPR",
      "details": {
        "objectDisplayName": "CC trx.PNG",
        "size": 8343,
        "mimeType": "image/png"
      },
      "attachedBy": "denny.abeam",
      "attachedOn": 1627027678904
    }
  ],
  "versionTag": {
    "versionNumber": 2,
    "lastModifiedBy": {
      "login": "denny.abeam"
    },
    "lastModifiedOn": 1627027690178
  },
  "creationTag": {
    "versionNumber": 0,
    "lastModifiedBy": {
      "login": "denny.abeam"
    },
    "lastModifiedOn": 1627023836712
  },
  "tags": [],
  "customFields": {},
  "checklists": {
    "checklists": []
  }
}