{
  "name": "Loan trx",
  "layout": "WIKI_ARTICLE",
  "attachments": [
    {
      "attachmentType": "FILE",
      "smartId": "6WueVZG6dzsN",
      "details": {
        "objectDisplayName": "loan trx.PNG",
        "size": 20885,
        "mimeType": "image/png"
      },
      "attachedBy": "denny.abeam",
      "attachedOn": 1627027718213
    }
  ],
  "versionTag": {
    "versionNumber": 2,
    "lastModifiedBy": {
      "login": "denny.abeam"
    },
    "lastModifiedOn": 1627027781597
  },
  "creationTag": {
    "versionNumber": 0,
    "lastModifiedBy": {
      "login": "denny.abeam"
    },
    "lastModifiedOn": 1627023850208
  },
  "tags": [],
  "customFields": {},
  "checklists": {
    "checklists": []
  }
}