{
  "name": "1. General DSS Demo",
  "layout": "WIKI_ARTICLE",
  "attachments": [
    {
      "attachmentType": "FILE",
      "smartId": "o0zE9cprsr6E",
      "details": {
        "objectDisplayName": "demo Project 1.png",
        "size": 155333,
        "mimeType": "image/png"
      },
      "attachedBy": "nick",
      "attachedOn": 1627029792785
    },
    {
      "attachmentType": "FILE",
      "smartId": "KDk4Y4PkXutF",
      "details": {
        "objectDisplayName": "demo Project 2.png",
        "size": 110697,
        "mimeType": "image/png"
      },
      "attachedBy": "nick",
      "attachedOn": 1627029792812
    },
    {
      "attachmentType": "FILE",
      "smartId": "cgqoMBaIYbDF",
      "details": {
        "objectDisplayName": "catalog.png",
        "size": 147876,
        "mimeType": "image/png"
      },
      "attachedBy": "nick",
      "attachedOn": 1627030217817
    },
    {
      "attachmentType": "FILE",
      "smartId": "9DLPjgaIdgpV",
      "details": {
        "objectDisplayName": "file_format.png",
        "size": 122952,
        "mimeType": "image/png"
      },
      "attachedBy": "nick",
      "attachedOn": 1627030424606
    },
    {
      "attachmentType": "FILE",
      "smartId": "tDnggOLq5Fo6",
      "details": {
        "objectDisplayName": "JDBC.png",
        "size": 51305,
        "mimeType": "image/png"
      },
      "attachedBy": "nick",
      "attachedOn": 1627030732985
    },
    {
      "attachmentType": "FILE",
      "smartId": "Upj8GuqlvXw8",
      "details": {
        "objectDisplayName": "Connections.png",
        "size": 192212,
        "mimeType": "image/png"
      },
      "attachedBy": "nick",
      "attachedOn": 1627030733154
    },
    {
      "attachmentType": "FILE",
      "smartId": "7h54DzwlBBCg",
      "details": {
        "objectDisplayName": "Meaning.png",
        "size": 115703,
        "mimeType": "image/png"
      },
      "attachedBy": "nick",
      "attachedOn": 1627030944213
    },
    {
      "attachmentType": "FILE",
      "smartId": "NEjWMHWhAkDs",
      "details": {
        "objectDisplayName": "Prepare.png",
        "size": 199333,
        "mimeType": "image/png"
      },
      "attachedBy": "nick",
      "attachedOn": 1627031418748
    },
    {
      "attachmentType": "FILE",
      "smartId": "FaBhEoX0ISUQ",
      "details": {
        "objectDisplayName": "AutoML.png",
        "size": 154335,
        "mimeType": "image/png"
      },
      "attachedBy": "nick",
      "attachedOn": 1627041182429
    },
    {
      "attachmentType": "FILE",
      "smartId": "VvkMXcXvnYE9",
      "details": {
        "objectDisplayName": "Statistics.png",
        "size": 129022,
        "mimeType": "image/png"
      },
      "attachedBy": "nick",
      "attachedOn": 1627041182451
    },
    {
      "attachmentType": "FILE",
      "smartId": "yrOkNOgD0c5s",
      "details": {
        "objectDisplayName": "Sampling.png",
        "size": 131351,
        "mimeType": "image/png"
      },
      "attachedBy": "nick",
      "attachedOn": 1627041182467
    },
    {
      "attachmentType": "FILE",
      "smartId": "CjiXhJ7GPs3V",
      "details": {
        "objectDisplayName": "Charts.png",
        "size": 164170,
        "mimeType": "image/png"
      },
      "attachedBy": "nick",
      "attachedOn": 1627041182486
    },
    {
      "attachmentType": "FILE",
      "smartId": "TdyLRguzkCRg",
      "details": {
        "objectDisplayName": "partition-config-day.png",
        "size": 444543,
        "mimeType": "image/png"
      },
      "attachedBy": "nick",
      "attachedOn": 1627288981085
    }
  ],
  "versionTag": {
    "versionNumber": 38,
    "lastModifiedBy": {
      "login": "nick"
    },
    "lastModifiedOn": 1627373557455
  },
  "creationTag": {
    "versionNumber": 0,
    "lastModifiedBy": {
      "login": "nick"
    },
    "lastModifiedOn": 1627029381052
  },
  "tags": [],
  "customFields": {},
  "checklists": {
    "checklists": []
  }
}