{
  "name": "9. Architecture",
  "layout": "WIKI_ARTICLE",
  "attachments": [
    {
      "attachmentType": "FILE",
      "smartId": "hbzLcnWdHX5n",
      "details": {
        "objectDisplayName": "nodes.png",
        "size": 133737,
        "mimeType": "image/png"
      },
      "attachedBy": "nick",
      "attachedOn": 1627314285185
    }
  ],
  "versionTag": {
    "versionNumber": 4,
    "lastModifiedBy": {
      "login": "nick"
    },
    "lastModifiedOn": 1627314288572
  },
  "creationTag": {
    "versionNumber": 0,
    "lastModifiedBy": {
      "login": "nick"
    },
    "lastModifiedOn": 1627035758064
  },
  "tags": [],
  "customFields": {},
  "checklists": {
    "checklists": []
  }
}