{
  "name": "10. Deployment and Model Update",
  "layout": "WIKI_ARTICLE",
  "attachments": [
    {
      "attachmentType": "FILE",
      "smartId": "FBCloY4xxaq9",
      "details": {
        "objectDisplayName": "API services.png",
        "size": 206666,
        "mimeType": "image/png"
      },
      "attachedBy": "nick",
      "attachedOn": 1627107005846
    },
    {
      "attachmentType": "FILE",
      "smartId": "LPMuwdyR5td8",
      "details": {
        "objectDisplayName": "API test.png",
        "size": 298254,
        "mimeType": "image/png"
      },
      "attachedBy": "nick",
      "attachedOn": 1627107006081
    },
    {
      "attachmentType": "FILE",
      "smartId": "kphmyOGGUHJO",
      "details": {
        "objectDisplayName": "automation monitoring.png",
        "size": 314541,
        "mimeType": "image/png"
      },
      "attachedBy": "nick",
      "attachedOn": 1627107713735
    },
    {
      "attachmentType": "FILE",
      "smartId": "23qb2pVOGKhU",
      "details": {
        "objectDisplayName": "bundle creation.png",
        "size": 245007,
        "mimeType": "image/png"
      },
      "attachedBy": "nick",
      "attachedOn": 1627107714036
    },
    {
      "attachmentType": "FILE",
      "smartId": "ya4AZTgXcjTC",
      "details": {
        "objectDisplayName": "bundles_deployed.png",
        "size": 294114,
        "mimeType": "image/png"
      },
      "attachedBy": "nick",
      "attachedOn": 1627107714290
    },
    {
      "attachmentType": "FILE",
      "smartId": "CsrIyJeTEu57",
      "details": {
        "objectDisplayName": "deployment.png",
        "size": 172800,
        "mimeType": "image/png"
      },
      "attachedBy": "nick",
      "attachedOn": 1627263919636
    },
    {
      "attachmentType": "FILE",
      "smartId": "beRXXKXjbs1r",
      "details": {
        "objectDisplayName": "Deployment Options.png",
        "size": 73749,
        "mimeType": "image/png"
      },
      "attachedBy": "nick",
      "attachedOn": 1627314324273
    }
  ],
  "versionTag": {
    "versionNumber": 22,
    "lastModifiedBy": {
      "login": "nick"
    },
    "lastModifiedOn": 1627373521112
  },
  "creationTag": {
    "versionNumber": 0,
    "lastModifiedBy": {
      "login": "nick"
    },
    "lastModifiedOn": 1627035775741
  },
  "tags": [],
  "customFields": {},
  "checklists": {
    "checklists": []
  }
}