{
  "name": "11. Governance and Operations",
  "layout": "WIKI_ARTICLE",
  "attachments": [
    {
      "attachmentType": "FILE",
      "smartId": "0K0CEtOatj5Z",
      "details": {
        "objectDisplayName": "Project Bundle versioning.png",
        "size": 184306,
        "mimeType": "image/png"
      },
      "attachedBy": "nick",
      "attachedOn": 1627108454892
    },
    {
      "attachmentType": "FILE",
      "smartId": "GdcjypXlcz5x",
      "details": {
        "objectDisplayName": "Model Versioning.png",
        "size": 276460,
        "mimeType": "image/png"
      },
      "attachedBy": "nick",
      "attachedOn": 1627108454912
    },
    {
      "attachmentType": "FILE",
      "smartId": "5t1rFW6cpY0m",
      "details": {
        "objectDisplayName": "Version Control.png",
        "size": 322113,
        "mimeType": "image/png"
      },
      "attachedBy": "nick",
      "attachedOn": 1627108454929
    },
    {
      "attachmentType": "FILE",
      "smartId": "a4rYg3A3U3KJ",
      "details": {
        "objectDisplayName": "Data Drift.png",
        "size": 517903,
        "mimeType": "image/png"
      },
      "attachedBy": "nick",
      "attachedOn": 1627108493085
    },
    {
      "attachmentType": "FILE",
      "smartId": "mveqUvlQy77U",
      "details": {
        "objectDisplayName": "documentation.png",
        "size": 86656,
        "mimeType": "image/png"
      },
      "attachedBy": "nick",
      "attachedOn": 1627109035064
    },
    {
      "attachmentType": "FILE",
      "smartId": "ekBI9hon14yp",
      "details": {
        "objectDisplayName": "logging.png",
        "size": 227064,
        "mimeType": "image/png"
      },
      "attachedBy": "nick",
      "attachedOn": 1627109035991
    },
    {
      "attachmentType": "FILE",
      "smartId": "NML4520JLJm9",
      "details": {
        "objectDisplayName": "Audit Trail.png",
        "size": 388340,
        "mimeType": "image/png"
      },
      "attachedBy": "nick",
      "attachedOn": 1627109167716
    },
    {
      "attachmentType": "FILE",
      "smartId": "l9u78nkD7jj7",
      "details": {
        "objectDisplayName": "model-fairness-report-output.png",
        "size": 536862,
        "mimeType": "image/png"
      },
      "attachedBy": "nick",
      "attachedOn": 1627348955284
    },
    {
      "attachmentType": "FILE",
      "smartId": "YN4mZrV5gsK7",
      "details": {
        "objectDisplayName": "drift2.png",
        "size": 85173,
        "mimeType": "image/png"
      },
      "attachedBy": "nick",
      "attachedOn": 1627350304979
    },
    {
      "attachmentType": "FILE",
      "smartId": "ItwH9tmg65HV",
      "details": {
        "objectDisplayName": "drift3.png",
        "size": 125231,
        "mimeType": "image/png"
      },
      "attachedBy": "nick",
      "attachedOn": 1627350305467
    }
  ],
  "versionTag": {
    "versionNumber": 26,
    "lastModifiedBy": {
      "login": "nick"
    },
    "lastModifiedOn": 1627373485798
  },
  "creationTag": {
    "versionNumber": 0,
    "lastModifiedBy": {
      "login": "nick"
    },
    "lastModifiedOn": 1627035785897
  },
  "tags": [],
  "customFields": {},
  "checklists": {
    "checklists": []
  }
}