{
  "name": "12. Integration (Big Data Cloudera Stack)",
  "layout": "WIKI_ARTICLE",
  "attachments": [
    {
      "attachmentType": "FILE",
      "smartId": "fi9xAd8PgLqC",
      "details": {
        "objectDisplayName": "Offload_compute.png",
        "size": 859153,
        "mimeType": "image/png"
      },
      "attachedBy": "admin",
      "attachedOn": 1627299652200
    },
    {
      "attachmentType": "FILE",
      "smartId": "RcrgCvyZAzSm",
      "details": {
        "objectDisplayName": "Screen Shot 2021-07-26 at 8.45.41 PM.png",
        "size": 23704,
        "mimeType": "image/png"
      },
      "attachedBy": "admin",
      "attachedOn": 1627303572731
    },
    {
      "attachmentType": "FILE",
      "smartId": "KYaDg4maiEEr",
      "details": {
        "objectDisplayName": "Screen Shot 2021-07-26 at 8.48.06 PM.png",
        "size": 19515,
        "mimeType": "image/png"
      },
      "attachedBy": "admin",
      "attachedOn": 1627303785635
    },
    {
      "attachmentType": "FILE",
      "smartId": "WrngvBPMEC5d",
      "details": {
        "objectDisplayName": "Screen Shot 2021-07-26 at 8.49.16 PM.png",
        "size": 19451,
        "mimeType": "image/png"
      },
      "attachedBy": "admin",
      "attachedOn": 1627303808427
    },
    {
      "attachmentType": "FILE",
      "smartId": "KbtEmZSPiwQX",
      "details": {
        "objectDisplayName": "Screen Shot 2021-07-26 at 9.14.08 PM.png",
        "size": 4484659,
        "mimeType": "image/png"
      },
      "attachedBy": "admin",
      "attachedOn": 1627305340828
    },
    {
      "attachmentType": "FILE",
      "smartId": "UCtMO9dHO0BN",
      "details": {
        "objectDisplayName": "Screen Shot 2021-07-26 at 9.28.38 PM.png",
        "size": 110392,
        "mimeType": "image/png"
      },
      "attachedBy": "admin",
      "attachedOn": 1627306149465
    },
    {
      "attachmentType": "FILE",
      "smartId": "NbrHUl8Qhwlk",
      "details": {
        "objectDisplayName": "Screen Shot 2021-07-26 at 9.30.21 PM.png",
        "size": 203275,
        "mimeType": "image/png"
      },
      "attachedBy": "admin",
      "attachedOn": 1627306244533
    },
    {
      "attachmentType": "FILE",
      "smartId": "Ss4ByZLY1VKI",
      "details": {
        "objectDisplayName": "Screen Shot 2021-07-26 at 11.36.51 PM.png",
        "size": 32711,
        "mimeType": "image/png"
      },
      "attachedBy": "admin",
      "attachedOn": 1627313851512
    },
    {
      "attachmentType": "FILE",
      "smartId": "j1nap9Y2ciUb",
      "details": {
        "objectDisplayName": "Screen Shot 2021-07-26 at 11.36.39 PM.png",
        "size": 36401,
        "mimeType": "image/png"
      },
      "attachedBy": "admin",
      "attachedOn": 1627313851531
    },
    {
      "attachmentType": "FILE",
      "smartId": "Bq1V3Qmj9oEF",
      "details": {
        "objectDisplayName": "Screen Shot 2021-07-26 at 11.35.20 PM.png",
        "size": 28145,
        "mimeType": "image/png"
      },
      "attachedBy": "admin",
      "attachedOn": 1627313851548
    },
    {
      "attachmentType": "FILE",
      "smartId": "kp0vfH0381MZ",
      "details": {
        "objectDisplayName": "Screen Shot 2021-07-26 at 11.35.59 PM.png",
        "size": 33866,
        "mimeType": "image/png"
      },
      "attachedBy": "admin",
      "attachedOn": 1627313851565
    },
    {
      "attachmentType": "FILE",
      "smartId": "Dd7RldCq1E5i",
      "details": {
        "objectDisplayName": "Screen Shot 2021-07-27 at 2.43.35 AM.png",
        "size": 96453,
        "mimeType": "image/png"
      },
      "attachedBy": "admin",
      "attachedOn": 1627325045954
    },
    {
      "attachmentType": "FILE",
      "smartId": "aGgD3jg7XYh8",
      "details": {
        "objectDisplayName": "Screen Shot 2021-07-27 at 2.45.03 AM.png",
        "size": 54567,
        "mimeType": "image/png"
      },
      "attachedBy": "admin",
      "attachedOn": 1627325130329
    },
    {
      "attachmentType": "FILE",
      "smartId": "a8W8lIWb2SDc",
      "details": {
        "objectDisplayName": "Screen Shot 2021-07-27 at 2.49.35 AM.png",
        "size": 123126,
        "mimeType": "image/png"
      },
      "attachedBy": "admin",
      "attachedOn": 1627325408274
    },
    {
      "attachmentType": "FILE",
      "smartId": "4qtuWqKW2GUn",
      "details": {
        "objectDisplayName": "Screen Shot 2021-07-27 at 2.48.56 AM.png",
        "size": 109691,
        "mimeType": "image/png"
      },
      "attachedBy": "admin",
      "attachedOn": 1627325460627
    },
    {
      "attachmentType": "FILE",
      "smartId": "G6M0NwGPyb7j",
      "details": {
        "objectDisplayName": "Screen Shot 2021-07-27 at 2.48.56 AM.png",
        "size": 109691,
        "mimeType": "image/png"
      },
      "attachedBy": "admin",
      "attachedOn": 1627325460648
    },
    {
      "attachmentType": "FILE",
      "smartId": "ON68obTtHpuR",
      "details": {
        "objectDisplayName": "Screen Shot 2021-07-27 at 1.47.33 PM.png",
        "size": 92608,
        "mimeType": "image/png"
      },
      "attachedBy": "admin",
      "attachedOn": 1627364928273
    }
  ],
  "versionTag": {
    "versionNumber": 91,
    "lastModifiedBy": {
      "login": "admin"
    },
    "lastModifiedOn": 1627365028936
  },
  "creationTag": {
    "versionNumber": 0,
    "lastModifiedBy": {
      "login": "nick"
    },
    "lastModifiedOn": 1627035794003
  },
  "tags": [],
  "customFields": {},
  "checklists": {
    "checklists": []
  }
}