{
  "name": "13. Performance",
  "layout": "WIKI_ARTICLE",
  "attachments": [
    {
      "attachmentType": "FILE",
      "smartId": "s8G4GWtig0Oe",
      "details": {
        "objectDisplayName": "Screen Shot 2021-07-26 at 11.59.25 PM.png",
        "size": 146203,
        "mimeType": "image/png"
      },
      "attachedBy": "admin",
      "attachedOn": 1627315278345
    },
    {
      "attachmentType": "FILE",
      "smartId": "xfE53mFk3JpJ",
      "details": {
        "objectDisplayName": "Screen Shot 2021-07-27 at 12.01.39 AM.png",
        "size": 53707,
        "mimeType": "image/png"
      },
      "attachedBy": "admin",
      "attachedOn": 1627315332239
    },
    {
      "attachmentType": "FILE",
      "smartId": "T8CItrKqBex4",
      "details": {
        "objectDisplayName": "Screen Shot 2021-07-27 at 12.04.01 AM.png",
        "size": 109335,
        "mimeType": "image/png"
      },
      "attachedBy": "admin",
      "attachedOn": 1627315460259
    },
    {
      "attachmentType": "FILE",
      "smartId": "LUKluuU8H7T8",
      "details": {
        "objectDisplayName": "Screen Shot 2021-07-27 at 12.39.29 AM.png",
        "size": 50598,
        "mimeType": "image/png"
      },
      "attachedBy": "admin",
      "attachedOn": 1627317592430
    },
    {
      "attachmentType": "FILE",
      "smartId": "5ZJXfqBhBNxj",
      "details": {
        "objectDisplayName": "Screen Shot 2021-07-27 at 12.40.32 AM.png",
        "size": 190768,
        "mimeType": "image/png"
      },
      "attachedBy": "admin",
      "attachedOn": 1627317657609
    },
    {
      "attachmentType": "FILE",
      "smartId": "NozhKH14aSlB",
      "details": {
        "objectDisplayName": "Screen Shot 2021-07-27 at 1.42.01 AM.png",
        "size": 131734,
        "mimeType": "image/png"
      },
      "attachedBy": "admin",
      "attachedOn": 1627321379194
    },
    {
      "attachmentType": "FILE",
      "smartId": "xHGKGTElOEqv",
      "details": {
        "objectDisplayName": "Screen Shot 2021-07-27 at 1.42.16 AM.png",
        "size": 152394,
        "mimeType": "image/png"
      },
      "attachedBy": "admin",
      "attachedOn": 1627321379217
    }
  ],
  "versionTag": {
    "versionNumber": 39,
    "lastModifiedBy": {
      "login": "admin"
    },
    "lastModifiedOn": 1627324053438
  },
  "creationTag": {
    "versionNumber": 0,
    "lastModifiedBy": {
      "login": "nick"
    },
    "lastModifiedOn": 1627035805030
  },
  "tags": [],
  "customFields": {},
  "checklists": {
    "checklists": []
  }
}