{
  "name": "14. Security",
  "layout": "WIKI_ARTICLE",
  "attachments": [
    {
      "attachmentType": "FILE",
      "smartId": "WCIkWgEijmdM",
      "details": {
        "objectDisplayName": "User Authorization Matrix.png",
        "size": 289741,
        "mimeType": "image/png"
      },
      "attachedBy": "nick",
      "attachedOn": 1627109238519
    },
    {
      "attachmentType": "FILE",
      "smartId": "Xpwa9rC1X5pE",
      "details": {
        "objectDisplayName": "Screen Shot 2021-07-27 at 1.06.34 AM.png",
        "size": 194450,
        "mimeType": "image/png"
      },
      "attachedBy": "admin",
      "attachedOn": 1627322966791
    },
    {
      "attachmentType": "FILE",
      "smartId": "K79nfMqQ0NNX",
      "details": {
        "objectDisplayName": "Screen Shot 2021-07-27 at 2.09.54 AM.png",
        "size": 209893,
        "mimeType": "image/png"
      },
      "attachedBy": "admin",
      "attachedOn": 1627323047689
    },
    {
      "attachmentType": "FILE",
      "smartId": "H7wb6dS08Mbk",
      "details": {
        "objectDisplayName": "Screen Shot 2021-07-27 at 2.12.24 AM.png",
        "size": 226138,
        "mimeType": "image/png"
      },
      "attachedBy": "admin",
      "attachedOn": 1627323205524
    },
    {
      "attachmentType": "FILE",
      "smartId": "DrYJZNziPGy4",
      "details": {
        "objectDisplayName": "Screen Shot 2021-07-27 at 2.15.12 AM.png",
        "size": 30235,
        "mimeType": "image/png"
      },
      "attachedBy": "admin",
      "attachedOn": 1627323338146
    },
    {
      "attachmentType": "FILE",
      "smartId": "lSFTTZNFKSod",
      "details": {
        "objectDisplayName": "Screen Shot 2021-07-27 at 2.18.23 AM.png",
        "size": 562660,
        "mimeType": "image/png"
      },
      "attachedBy": "admin",
      "attachedOn": 1627323528972
    }
  ],
  "versionTag": {
    "versionNumber": 29,
    "lastModifiedBy": {
      "login": "admin"
    },
    "lastModifiedOn": 1627323936755
  },
  "creationTag": {
    "versionNumber": 0,
    "lastModifiedBy": {
      "login": "nick"
    },
    "lastModifiedOn": 1627035811980
  },
  "tags": [],
  "customFields": {},
  "checklists": {
    "checklists": []
  }
}