{
  "name": "4. Customer Cross Sell Model",
  "layout": "WIKI_ARTICLE",
  "attachments": [
    {
      "attachmentType": "FILE",
      "smartId": "K1AUXsSBQ1J2",
      "details": {
        "objectDisplayName": "Cross Sell.png",
        "size": 49134,
        "mimeType": "image/png"
      },
      "attachedBy": "nick",
      "attachedOn": 1627039178730
    },
    {
      "attachmentType": "FILE",
      "smartId": "Sl8fFfxUhXOd",
      "details": {
        "objectDisplayName": "Cross Sell Dashboard.png",
        "size": 365400,
        "mimeType": "image/png"
      },
      "attachedBy": "nick",
      "attachedOn": 1627103161468
    },
    {
      "attachmentType": "FILE",
      "smartId": "aGw4ZD8DXlEX",
      "details": {
        "objectDisplayName": "Hyperparameter.png",
        "size": 194320,
        "mimeType": "image/png"
      },
      "attachedBy": "nick",
      "attachedOn": 1627103312727
    },
    {
      "attachmentType": "FILE",
      "smartId": "Lf9MvD3vVyGg",
      "details": {
        "objectDisplayName": "Model Selection.png",
        "size": 131774,
        "mimeType": "image/png"
      },
      "attachedBy": "nick",
      "attachedOn": 1627103312759
    },
    {
      "attachmentType": "FILE",
      "smartId": "nAZEnSvo5haQ",
      "details": {
        "objectDisplayName": "Algorithms.png",
        "size": 162793,
        "mimeType": "image/png"
      },
      "attachedBy": "nick",
      "attachedOn": 1627103312806
    },
    {
      "attachmentType": "FILE",
      "smartId": "KOoVrEEoReJu",
      "details": {
        "objectDisplayName": "SHAP.png",
        "size": 133594,
        "mimeType": "image/png"
      },
      "attachedBy": "nick",
      "attachedOn": 1627103622386
    },
    {
      "attachmentType": "FILE",
      "smartId": "LcIwXg6hvzsm",
      "details": {
        "objectDisplayName": "Hyper Parameter selection.png",
        "size": 188243,
        "mimeType": "image/png"
      },
      "attachedBy": "nick",
      "attachedOn": 1627103622405
    },
    {
      "attachmentType": "FILE",
      "smartId": "AvHCkQtE0GA6",
      "details": {
        "objectDisplayName": "Model Results.png",
        "size": 126207,
        "mimeType": "image/png"
      },
      "attachedBy": "nick",
      "attachedOn": 1627103622422
    },
    {
      "attachmentType": "FILE",
      "smartId": "s6GAFUpYACC9",
      "details": {
        "objectDisplayName": "Feature Handling.png",
        "size": 437295,
        "mimeType": "image/png"
      },
      "attachedBy": "nick",
      "attachedOn": 1627103622542
    },
    {
      "attachmentType": "FILE",
      "smartId": "lEd4PBejUnB9",
      "details": {
        "objectDisplayName": "PCA feature reduction.png",
        "size": 245304,
        "mimeType": "image/png"
      },
      "attachedBy": "nick",
      "attachedOn": 1627103810583
    },
    {
      "attachmentType": "FILE",
      "smartId": "1LLZKTNVcTmD",
      "details": {
        "objectDisplayName": "Feature generation.png",
        "size": 280214,
        "mimeType": "image/png"
      },
      "attachedBy": "nick",
      "attachedOn": 1627103810688
    },
    {
      "attachmentType": "FILE",
      "smartId": "AUy8Rshj73EE",
      "details": {
        "objectDisplayName": "customer_data dataset.PNG",
        "size": 81212,
        "mimeType": "image/png"
      },
      "attachedBy": "ririn.abeam",
      "attachedOn": 1627215389542
    },
    {
      "attachmentType": "FILE",
      "smartId": "ONmf5f2tZfg7",
      "details": {
        "objectDisplayName": "ROC curve.png",
        "size": 140155,
        "mimeType": "image/png"
      },
      "attachedBy": "nick",
      "attachedOn": 1627342498578
    },
    {
      "attachmentType": "FILE",
      "smartId": "GZl5bCVJsL5N",
      "details": {
        "objectDisplayName": "Decision Tree.png",
        "size": 129102,
        "mimeType": "image/png"
      },
      "attachedBy": "nick",
      "attachedOn": 1627342498615
    },
    {
      "attachmentType": "FILE",
      "smartId": "uKBeVmcFdIf9",
      "details": {
        "objectDisplayName": "Decision Chart.png",
        "size": 173946,
        "mimeType": "image/png"
      },
      "attachedBy": "nick",
      "attachedOn": 1627342498927
    },
    {
      "attachmentType": "FILE",
      "smartId": "SwfVcjC52Lqr",
      "details": {
        "objectDisplayName": "Optimal Threshold.png",
        "size": 197247,
        "mimeType": "image/png"
      },
      "attachedBy": "nick",
      "attachedOn": 1627342499133
    }
  ],
  "versionTag": {
    "versionNumber": 41,
    "lastModifiedBy": {
      "login": "nick"
    },
    "lastModifiedOn": 1627359233044
  },
  "creationTag": {
    "versionNumber": 0,
    "lastModifiedBy": {
      "login": "nick"
    },
    "lastModifiedOn": 1626922437367
  },
  "tags": [],
  "customFields": {},
  "checklists": {
    "checklists": []
  }
}