{
  "name": "3. Customer Portfolio",
  "layout": "WIKI_ARTICLE",
  "attachments": [
    {
      "attachmentType": "DSS_OBJECT",
      "taggableType": "ARTICLE",
      "smartId": "21",
      "details": {
        "objectDisplayName": "3. Customer Portfolio",
        "userDisplayName": "Ririn Afriani"
      },
      "attachedBy": "ririn.abeam",
      "attachedOn": 1627279943625
    },
    {
      "attachmentType": "FILE",
      "smartId": "JVJpTFDGgc5c",
      "details": {
        "objectDisplayName": "td 1.PNG",
        "size": 30544,
        "mimeType": "image/png"
      },
      "attachedBy": "ririn.abeam",
      "attachedOn": 1627286462894
    },
    {
      "attachmentType": "FILE",
      "smartId": "EssOMKCYAtSF",
      "details": {
        "objectDisplayName": "casa 2.PNG",
        "size": 44289,
        "mimeType": "image/png"
      },
      "attachedBy": "ririn.abeam",
      "attachedOn": 1627287823568
    },
    {
      "attachmentType": "FILE",
      "smartId": "5WFv647AXbMS",
      "details": {
        "objectDisplayName": "Capture.PNG",
        "size": 25971,
        "mimeType": "image/png"
      },
      "attachedBy": "ririn.abeam",
      "attachedOn": 1627290238094
    },
    {
      "attachmentType": "FILE",
      "smartId": "ge3tpZiEow3H",
      "details": {
        "objectDisplayName": "casa 1.PNG",
        "size": 28903,
        "mimeType": "image/png"
      },
      "attachedBy": "ririn.abeam",
      "attachedOn": 1627290238114
    },
    {
      "attachmentType": "FILE",
      "smartId": "Y08Qby3t0UKZ",
      "details": {
        "objectDisplayName": "casa 3.PNG",
        "size": 28136,
        "mimeType": "image/png"
      },
      "attachedBy": "ririn.abeam",
      "attachedOn": 1627290238131
    },
    {
      "attachmentType": "FILE",
      "smartId": "kpCrVrOLO7QJ",
      "details": {
        "objectDisplayName": "casa 2.PNG",
        "size": 30066,
        "mimeType": "image/png"
      },
      "attachedBy": "ririn.abeam",
      "attachedOn": 1627290238148
    },
    {
      "attachmentType": "FILE",
      "smartId": "cN1Jyaj6dbnG",
      "details": {
        "objectDisplayName": "casa 4.PNG",
        "size": 16997,
        "mimeType": "image/png"
      },
      "attachedBy": "ririn.abeam",
      "attachedOn": 1627290238166
    },
    {
      "attachmentType": "FILE",
      "smartId": "F4rGtLpYg7em",
      "details": {
        "objectDisplayName": "cc 1.PNG",
        "size": 37976,
        "mimeType": "image/png"
      },
      "attachedBy": "ririn.abeam",
      "attachedOn": 1627290238183
    },
    {
      "attachmentType": "FILE",
      "smartId": "SHmKTRnGtB9u",
      "details": {
        "objectDisplayName": "cc 2.PNG",
        "size": 24513,
        "mimeType": "image/png"
      },
      "attachedBy": "ririn.abeam",
      "attachedOn": 1627290239033
    },
    {
      "attachmentType": "FILE",
      "smartId": "aPZG82zNq9C9",
      "details": {
        "objectDisplayName": "cc 3.PNG",
        "size": 27937,
        "mimeType": "image/png"
      },
      "attachedBy": "ririn.abeam",
      "attachedOn": 1627290239057
    },
    {
      "attachmentType": "FILE",
      "smartId": "4LnO5Ow9Nwn2",
      "details": {
        "objectDisplayName": "Summary.PNG",
        "size": 26319,
        "mimeType": "image/png"
      },
      "attachedBy": "ririn.abeam",
      "attachedOn": 1627290239074
    },
    {
      "attachmentType": "FILE",
      "smartId": "WfKjGdAjjAA6",
      "details": {
        "objectDisplayName": "loan 2.PNG",
        "size": 9878,
        "mimeType": "image/png"
      },
      "attachedBy": "ririn.abeam",
      "attachedOn": 1627291098701
    },
    {
      "attachmentType": "FILE",
      "smartId": "LtNc0J2W9s3R",
      "details": {
        "objectDisplayName": "loan 1.PNG",
        "size": 27509,
        "mimeType": "image/png"
      },
      "attachedBy": "ririn.abeam",
      "attachedOn": 1627291098856
    }
  ],
  "versionTag": {
    "versionNumber": 85,
    "lastModifiedBy": {
      "login": "ririn.abeam"
    },
    "lastModifiedOn": 1627291141573
  },
  "creationTag": {
    "versionNumber": 0,
    "lastModifiedBy": {
      "login": "nick"
    },
    "lastModifiedOn": 1627270036229
  },
  "tags": [],
  "customFields": {},
  "checklists": {
    "checklists": []
  }
}