{
  "name": "5. Customer Segmentation",
  "layout": "WIKI_ARTICLE",
  "attachments": [
    {
      "attachmentType": "FILE",
      "smartId": "ISphZquRgdDh",
      "details": {
        "objectDisplayName": "Segmentation.png",
        "size": 19566,
        "mimeType": "image/png"
      },
      "attachedBy": "nick",
      "attachedOn": 1627039197765
    },
    {
      "attachmentType": "FILE",
      "smartId": "UzLKr4Jqz32l",
      "details": {
        "objectDisplayName": "Segment distributions.png",
        "size": 327441,
        "mimeType": "image/png"
      },
      "attachedBy": "nick",
      "attachedOn": 1627104114010
    },
    {
      "attachmentType": "FILE",
      "smartId": "lhIIDvSeEPTM",
      "details": {
        "objectDisplayName": "Unsupervised algorithms.png",
        "size": 327111,
        "mimeType": "image/png"
      },
      "attachedBy": "nick",
      "attachedOn": 1627104116839
    },
    {
      "attachmentType": "FILE",
      "smartId": "pDO4tjbZNhwn",
      "details": {
        "objectDisplayName": "Unsupervised.png",
        "size": 368464,
        "mimeType": "image/png"
      },
      "attachedBy": "nick",
      "attachedOn": 1627104116908
    },
    {
      "attachmentType": "FILE",
      "smartId": "9LQkT6CfXeVm",
      "details": {
        "objectDisplayName": "Segmentation dashboard.png",
        "size": 428428,
        "mimeType": "image/png"
      },
      "attachedBy": "nick",
      "attachedOn": 1627104117505
    }
  ],
  "versionTag": {
    "versionNumber": 14,
    "lastModifiedBy": {
      "login": "nick"
    },
    "lastModifiedOn": 1627282174082
  },
  "creationTag": {
    "versionNumber": 0,
    "lastModifiedBy": {
      "login": "nick"
    },
    "lastModifiedOn": 1626922455275
  },
  "tags": [],
  "customFields": {},
  "checklists": {
    "checklists": []
  }
}