{
  "name": "6. Trend Prediction / Time Series Forecasting",
  "layout": "WIKI_ARTICLE",
  "attachments": [
    {
      "attachmentType": "FILE",
      "smartId": "iZFIjw66b9Wy",
      "details": {
        "objectDisplayName": "Forecasting.png",
        "size": 36507,
        "mimeType": "image/png"
      },
      "attachedBy": "nick",
      "attachedOn": 1627039218133
    },
    {
      "attachmentType": "FILE",
      "smartId": "BiP0v2vcHR99",
      "details": {
        "objectDisplayName": "Windowing.png",
        "size": 229339,
        "mimeType": "image/png"
      },
      "attachedBy": "nick",
      "attachedOn": 1627104557103
    },
    {
      "attachmentType": "FILE",
      "smartId": "SewH6Ki4teww",
      "details": {
        "objectDisplayName": "Regressions.png",
        "size": 432610,
        "mimeType": "image/png"
      },
      "attachedBy": "nick",
      "attachedOn": 1627104557319
    },
    {
      "attachmentType": "FILE",
      "smartId": "ivMpmGbOzkXg",
      "details": {
        "objectDisplayName": "Time Series Plugin.png",
        "size": 348906,
        "mimeType": "image/png"
      },
      "attachedBy": "nick",
      "attachedOn": 1627104557495
    },
    {
      "attachmentType": "FILE",
      "smartId": "IkJo5wJoa6KQ",
      "details": {
        "objectDisplayName": "Accuracy Metrics.png",
        "size": 459460,
        "mimeType": "image/png"
      },
      "attachedBy": "nick",
      "attachedOn": 1627104557690
    },
    {
      "attachmentType": "FILE",
      "smartId": "brBUldP2iJUS",
      "details": {
        "objectDisplayName": "Pattern Trend Prediction.png",
        "size": 342480,
        "mimeType": "image/png"
      },
      "attachedBy": "nick",
      "attachedOn": 1627104558005
    },
    {
      "attachmentType": "FILE",
      "smartId": "zgIWc7l9Q3Jw",
      "details": {
        "objectDisplayName": "Notebook.png",
        "size": 457738,
        "mimeType": "image/png"
      },
      "attachedBy": "nick",
      "attachedOn": 1627104558032
    },
    {
      "attachmentType": "FILE",
      "smartId": "kmp3QheJtzeH",
      "details": {
        "objectDisplayName": "Windowing2.png",
        "size": 342221,
        "mimeType": "image/png"
      },
      "attachedBy": "nick",
      "attachedOn": 1627105570026
    },
    {
      "attachmentType": "FILE",
      "smartId": "U6uD5xt1R9LX",
      "details": {
        "objectDisplayName": "Accuracy Metrics.png",
        "size": 130722,
        "mimeType": "image/png"
      },
      "attachedBy": "nick",
      "attachedOn": 1627346699485
    }
  ],
  "versionTag": {
    "versionNumber": 22,
    "lastModifiedBy": {
      "login": "nick"
    },
    "lastModifiedOn": 1627346713590
  },
  "creationTag": {
    "versionNumber": 0,
    "lastModifiedBy": {
      "login": "nick"
    },
    "lastModifiedOn": 1626922468158
  },
  "tags": [],
  "customFields": {},
  "checklists": {
    "checklists": []
  }
}