{
  "name": "7. Coding in DSS",
  "layout": "WIKI_ARTICLE",
  "attachments": [
    {
      "attachmentType": "FILE",
      "smartId": "3TZtv6LZRkzK",
      "details": {
        "objectDisplayName": "Git Repo.png",
        "size": 131055,
        "mimeType": "image/png"
      },
      "attachedBy": "nick",
      "attachedOn": 1627106298637
    },
    {
      "attachmentType": "FILE",
      "smartId": "fl6Rv98qkDUp",
      "details": {
        "objectDisplayName": "Code Recipes.png",
        "size": 223292,
        "mimeType": "image/png"
      },
      "attachedBy": "nick",
      "attachedOn": 1627106299328
    },
    {
      "attachmentType": "FILE",
      "smartId": "HzI5DaJBi7ly",
      "details": {
        "objectDisplayName": "Code Env.png",
        "size": 330980,
        "mimeType": "image/png"
      },
      "attachedBy": "nick",
      "attachedOn": 1627106299540
    },
    {
      "attachmentType": "FILE",
      "smartId": "xHoloxp5kyI8",
      "details": {
        "objectDisplayName": "Git - Notebooks.png",
        "size": 204229,
        "mimeType": "image/png"
      },
      "attachedBy": "nick",
      "attachedOn": 1627106299569
    },
    {
      "attachmentType": "FILE",
      "smartId": "Q3eQJHc3Wdcm",
      "details": {
        "objectDisplayName": "reading Pickle.png",
        "size": 32182,
        "mimeType": "image/png"
      },
      "attachedBy": "nick",
      "attachedOn": 1627307406148
    },
    {
      "attachmentType": "FILE",
      "smartId": "XYyQ9vMGI5Mc",
      "details": {
        "objectDisplayName": "Notebook in Git Hub.png",
        "size": 42043,
        "mimeType": "image/png"
      },
      "attachedBy": "nick",
      "attachedOn": 1627307406326
    },
    {
      "attachmentType": "FILE",
      "smartId": "qHkTHUC73TPi",
      "details": {
        "objectDisplayName": "pushing Notebook to GitHub.png",
        "size": 81762,
        "mimeType": "image/png"
      },
      "attachedBy": "nick",
      "attachedOn": 1627307406365
    },
    {
      "attachmentType": "FILE",
      "smartId": "1nJOoGee619k",
      "details": {
        "objectDisplayName": "How DSS supports coders.png",
        "size": 67848,
        "mimeType": "image/png"
      },
      "attachedBy": "nick",
      "attachedOn": 1627308202452
    },
    {
      "attachmentType": "FILE",
      "smartId": "B8L4t3pNYTbs",
      "details": {
        "objectDisplayName": "ONNX.png",
        "size": 170418,
        "mimeType": "image/png"
      },
      "attachedBy": "nick",
      "attachedOn": 1627308513942
    }
  ],
  "versionTag": {
    "versionNumber": 28,
    "lastModifiedBy": {
      "login": "nick"
    },
    "lastModifiedOn": 1627308537431
  },
  "creationTag": {
    "versionNumber": 0,
    "lastModifiedBy": {
      "login": "nick"
    },
    "lastModifiedOn": 1626922480947
  },
  "tags": [],
  "customFields": {},
  "checklists": {
    "checklists": []
  }
}