{
  "name": "8. Automation",
  "layout": "WIKI_ARTICLE",
  "attachments": [
    {
      "attachmentType": "FILE",
      "smartId": "f2WqgxT7qL4W",
      "details": {
        "objectDisplayName": "metric.png",
        "size": 67581,
        "mimeType": "image/png"
      },
      "attachedBy": "nick",
      "attachedOn": 1627294484960
    },
    {
      "attachmentType": "FILE",
      "smartId": "YkSpUPvOXm4v",
      "details": {
        "objectDisplayName": "check.png",
        "size": 85063,
        "mimeType": "image/png"
      },
      "attachedBy": "nick",
      "attachedOn": 1627294485168
    },
    {
      "attachmentType": "FILE",
      "smartId": "QgilRahEwuIM",
      "details": {
        "objectDisplayName": "scenario.png",
        "size": 85941,
        "mimeType": "image/png"
      },
      "attachedBy": "nick",
      "attachedOn": 1627312289557
    },
    {
      "attachmentType": "FILE",
      "smartId": "Oj485DT3CAnb",
      "details": {
        "objectDisplayName": "job log.png",
        "size": 130409,
        "mimeType": "image/png"
      },
      "attachedBy": "nick",
      "attachedOn": 1627312289700
    },
    {
      "attachmentType": "FILE",
      "smartId": "WjAX9hGliabh",
      "details": {
        "objectDisplayName": "model-checks-computed.png",
        "size": 33050,
        "mimeType": "image/png"
      },
      "attachedBy": "nick",
      "attachedOn": 1627346655109
    },
    {
      "attachmentType": "FILE",
      "smartId": "aG3LrkY1XSy6",
      "details": {
        "objectDisplayName": "computed-checks.png",
        "size": 84050,
        "mimeType": "image/png"
      },
      "attachedBy": "nick",
      "attachedOn": 1627346655676
    }
  ],
  "versionTag": {
    "versionNumber": 21,
    "lastModifiedBy": {
      "login": "nick"
    },
    "lastModifiedOn": 1627346669289
  },
  "creationTag": {
    "versionNumber": 0,
    "lastModifiedBy": {
      "login": "nick"
    },
    "lastModifiedOn": 1626922489793
  },
  "tags": [],
  "customFields": {},
  "checklists": {
    "checklists": []
  }
}