{
  "name": "Customer",
  "layout": "WIKI_ARTICLE",
  "attachments": [
    {
      "attachmentType": "FILE",
      "smartId": "ylETFBOQ9VkE",
      "details": {
        "objectDisplayName": "customer.PNG",
        "size": 36313,
        "mimeType": "image/png"
      },
      "attachedBy": "denny.abeam",
      "attachedOn": 1627024582484
    }
  ],
  "versionTag": {
    "versionNumber": 4,
    "lastModifiedBy": {
      "login": "denny.abeam"
    },
    "lastModifiedOn": 1627026669579
  },
  "creationTag": {
    "versionNumber": 0,
    "lastModifiedBy": {
      "login": "denny.abeam"
    },
    "lastModifiedOn": 1627023594973
  },
  "tags": [],
  "customFields": {},
  "checklists": {
    "checklists": []
  }
}