{
  "name": "CASA TD trx",
  "layout": "WIKI_ARTICLE",
  "attachments": [
    {
      "attachmentType": "FILE",
      "smartId": "FMBD1kv9rMcq",
      "details": {
        "objectDisplayName": "TD trx.PNG",
        "size": 24320,
        "mimeType": "image/png"
      },
      "attachedBy": "denny.abeam",
      "attachedOn": 1627024878969
    }
  ],
  "versionTag": {
    "versionNumber": 3,
    "lastModifiedBy": {
      "login": "denny.abeam"
    },
    "lastModifiedOn": 1627027532339
  },
  "creationTag": {
    "versionNumber": 0,
    "lastModifiedBy": {
      "login": "denny.abeam"
    },
    "lastModifiedOn": 1627023714144
  },
  "tags": [],
  "customFields": {},
  "checklists": {
    "checklists": []
  }
}