{
  "name": "Customer Segmentation",
  "color": "#465A64",
  "items": [
    {
      "objectId": "customer_data_casa_active_prepared",
      "objectType": "DATASET"
    },
    {
      "objectId": "compute_customer_data_casa_active_prepared",
      "objectType": "RECIPE"
    },
    {
      "objectId": "train_Clustering__KMEANS__on_customer_data_casa_active_prepared",
      "objectType": "RECIPE"
    },
    {
      "objectId": "fMQe4fOs",
      "objectType": "SAVED_MODEL"
    },
    {
      "objectId": "customer_segments_scored",
      "objectType": "DATASET"
    },
    {
      "objectId": "score_customer_data_casa_active_prepared",
      "objectType": "RECIPE"
    },
    {
      "objectId": "compute_customer_segments_scored_joined_to_all_product_filtered_scored",
      "objectType": "RECIPE"
    },
    {
      "objectId": "customer_segments_scored_joined_to_all_product_filtered_scored",
      "objectType": "DATASET"
    }
  ],
  "shared": [],
  "tags": [],
  "customFields": {},
  "checklists": {
    "checklists": []
  }
}