{
  "name": "Pattern, Trend \u0026 Prediction",
  "color": "#087ABF",
  "items": [
    {
      "objectId": "sor_casa_td_trx_FC_prep",
      "objectType": "DATASET"
    },
    {
      "objectId": "compute_sor_casa_td_trx_FC_prep",
      "objectType": "RECIPE"
    },
    {
      "objectId": "compute_sor_casa_td_trx_FC_prep_groupBy",
      "objectType": "RECIPE"
    },
    {
      "objectId": "sor_casa_td_trx_FC_prep_groupBy",
      "objectType": "DATASET"
    },
    {
      "objectId": "sor_casa_td_trx_FC_prepared",
      "objectType": "DATASET"
    },
    {
      "objectId": "compute_sor_casa_td_trx_FC_prepared",
      "objectType": "RECIPE"
    },
    {
      "objectId": "compute_sor_casa_td_trx_FC_windows",
      "objectType": "RECIPE"
    },
    {
      "objectId": "sor_casa_td_trx_FC_windows",
      "objectType": "DATASET"
    },
    {
      "objectId": "compute_sor_casa_td_trx_FC_downsample",
      "objectType": "RECIPE"
    },
    {
      "objectId": "sor_casa_td_trx_FC_downsample",
      "objectType": "DATASET"
    },
    {
      "objectId": "xfFQoCJU",
      "objectType": "MANAGED_FOLDER"
    },
    {
      "objectId": "compute_sor_casa_td_trx_FC_8weeksAhead",
      "objectType": "RECIPE"
    },
    {
      "objectId": "sor_casa_td_trx_FC_8weeksAhead",
      "objectType": "DATASET"
    },
    {
      "objectId": "compute_xfFQoCJU",
      "objectType": "RECIPE"
    },
    {
      "objectId": "sor_casa_td_trx_FC_modelmetrics",
      "objectType": "DATASET"
    },
    {
      "objectId": "sor_casa_td_trx_FC_evaluation",
      "objectType": "DATASET"
    },
    {
      "objectId": "recipe_from_notebook_TimeSeries_analytics_on_sor_casa_td_trx_FC_downsample_nick",
      "objectType": "RECIPE"
    },
    {
      "objectId": "sor_casa_td_trx_FC_python",
      "objectType": "DATASET"
    },
    {
      "objectId": "compute_sor_casa_td_trx_FC_prepared_windows",
      "objectType": "RECIPE"
    },
    {
      "objectId": "sor_casa_td_trx_FC_prepared_windows",
      "objectType": "DATASET"
    }
  ],
  "shared": [],
  "tags": [],
  "customFields": {},
  "checklists": {
    "checklists": []
  }
}