{
  "name": "Cross Sell Model",
  "color": "#C82423",
  "items": [
    {
      "objectId": "customer_data_sa_all_product",
      "objectType": "DATASET"
    },
    {
      "objectId": "split_customer_data_sa_all_product",
      "objectType": "RECIPE"
    },
    {
      "objectId": "customer_data_sa_all_product_test",
      "objectType": "DATASET"
    },
    {
      "objectId": "compute_customer_data_test_prepared_1",
      "objectType": "RECIPE"
    },
    {
      "objectId": "customer_sa_all_product_test_prepared",
      "objectType": "DATASET"
    },
    {
      "objectId": "customer_data_sa_all_product_train",
      "objectType": "DATASET"
    },
    {
      "objectId": "compute_customer_data_sa_all_product",
      "objectType": "RECIPE"
    },
    {
      "objectId": "train_Prediction__RANDOM_FOREST_CLASSIFICATION__on_customer_data_sa_all_product_train",
      "objectType": "RECIPE"
    },
    {
      "objectId": "dzxJUgDT",
      "objectType": "SAVED_MODEL"
    },
    {
      "objectId": "compute_customer_sa_all_product_test_prepared_filtered",
      "objectType": "RECIPE"
    },
    {
      "objectId": "customer_sa_all_product_test_prepared_filtered",
      "objectType": "DATASET"
    },
    {
      "objectId": "customer_sa_all_product_test_filtered_scored",
      "objectType": "DATASET"
    },
    {
      "objectId": "score_customer_sa_all_product_test_prepared_filtered",
      "objectType": "RECIPE"
    },
    {
      "objectId": "compute_drift_dataset",
      "objectType": "RECIPE"
    },
    {
      "objectId": "drift_dataset",
      "objectType": "DATASET"
    }
  ],
  "shared": [],
  "tags": [],
  "customFields": {},
  "checklists": {
    "checklists": []
  }
}