{
  "dataSpec": {
    "inputDatasetSmartName": "sor_casa_td_trx_FC_8weeksAhead",
    "datasetSelection": {
      "useMemTable": false,
      "filter": {
        "distinct": false,
        "enabled": false
      },
      "partitionSelectionMethod": "ALL",
      "latestPartitionsN": 1,
      "ordering": {
        "enabled": false,
        "rules": []
      },
      "samplingMethod": "HEAD_SEQUENTIAL",
      "maxRecords": 100000,
      "targetRatio": 0.02,
      "withinFirstN": -1,
      "maxReadUncompressedBytes": -1
    },
    "autoRefreshSample": true,
    "refreshTrigger": 0,
    "containerSelection": {
      "containerMode": "INHERIT"
    }
  },
  "rootCard": {
    "type": "worksheet_root",
    "confidenceLevel": 0.95,
    "showConfidenceInterval": false,
    "cards": [
      {
        "type": "univariate_header",
        "showHistogram": true,
        "showQuantile": true,
        "showFrequencyTable": false,
        "showSummary": true,
        "showBoxPlot": true,
        "xColumns": [
          {
            "name": "forecast_lower_c_trans_amt_sum",
            "type": "CONTINUOUS"
          },
          {
            "name": "forecast_c_trans_amt_sum",
            "type": "CONTINUOUS"
          },
          {
            "name": "forecast_upper_c_trans_amt_sum",
            "type": "CONTINUOUS"
          }
        ],
        "cards": [
          {
            "type": "column_card",
            "column": {
              "name": "forecast_lower_c_trans_amt_sum",
              "type": "CONTINUOUS"
            },
            "cards": [
              {
                "type": "numerical_histogram",
                "showBoxPlot": true,
                "showHistogram": true,
                "binningMode": "AUTO",
                "nbBins": 25,
                "customBinningBoundaries": [],
                "column": {
                  "name": "forecast_lower_c_trans_amt_sum",
                  "type": "CONTINUOUS"
                },
                "id": "OanOfAh"
              },
              {
                "type": "univariate_summary",
                "confidenceLevel": 0.95,
                "showConfidenceInterval": false,
                "compute": {
                  "totalCount": true,
                  "mean": true,
                  "sum": false,
                  "median": true,
                  "std": true,
                  "variance": false,
                  "skewness": false,
                  "kurtosis": false,
                  "sem": false,
                  "completeCount": true,
                  "nbEmpty": true,
                  "zeroCount": false,
                  "zeroRatio": false,
                  "nonZeroRatio": false,
                  "iqr": false,
                  "distinctCount": true,
                  "nbNonEmpty": false,
                  "min": true,
                  "max": true,
                  "range": false,
                  "mode": true
                },
                "column": {
                  "name": "forecast_lower_c_trans_amt_sum",
                  "type": "CONTINUOUS"
                },
                "id": "7l9DZbv"
              },
              {
                "type": "quantile_table",
                "confidenceLevel": 0.95,
                "showConfidenceInterval": false,
                "column": {
                  "name": "forecast_lower_c_trans_amt_sum",
                  "type": "CONTINUOUS"
                },
                "id": "Orb8vHF"
              }
            ],
            "id": "vud0uAN"
          },
          {
            "type": "column_card",
            "column": {
              "name": "forecast_c_trans_amt_sum",
              "type": "CONTINUOUS"
            },
            "cards": [
              {
                "type": "numerical_histogram",
                "showBoxPlot": true,
                "showHistogram": true,
                "binningMode": "AUTO",
                "nbBins": 25,
                "customBinningBoundaries": [],
                "column": {
                  "name": "forecast_c_trans_amt_sum",
                  "type": "CONTINUOUS"
                },
                "id": "MiS45It"
              },
              {
                "type": "univariate_summary",
                "confidenceLevel": 0.95,
                "showConfidenceInterval": false,
                "compute": {
                  "totalCount": true,
                  "mean": true,
                  "sum": false,
                  "median": true,
                  "std": true,
                  "variance": false,
                  "skewness": false,
                  "kurtosis": false,
                  "sem": false,
                  "completeCount": true,
                  "nbEmpty": true,
                  "zeroCount": false,
                  "zeroRatio": false,
                  "nonZeroRatio": false,
                  "iqr": false,
                  "distinctCount": true,
                  "nbNonEmpty": false,
                  "min": true,
                  "max": true,
                  "range": false,
                  "mode": true
                },
                "column": {
                  "name": "forecast_c_trans_amt_sum",
                  "type": "CONTINUOUS"
                },
                "id": "e0ZN7j1"
              },
              {
                "type": "quantile_table",
                "confidenceLevel": 0.95,
                "showConfidenceInterval": false,
                "column": {
                  "name": "forecast_c_trans_amt_sum",
                  "type": "CONTINUOUS"
                },
                "id": "K48wneI"
              }
            ],
            "id": "jrPdPvL"
          },
          {
            "type": "column_card",
            "column": {
              "name": "forecast_upper_c_trans_amt_sum",
              "type": "CONTINUOUS"
            },
            "cards": [
              {
                "type": "numerical_histogram",
                "showBoxPlot": true,
                "showHistogram": true,
                "binningMode": "AUTO",
                "nbBins": 25,
                "customBinningBoundaries": [],
                "column": {
                  "name": "forecast_upper_c_trans_amt_sum",
                  "type": "CONTINUOUS"
                },
                "id": "4gtAkNT"
              },
              {
                "type": "univariate_summary",
                "confidenceLevel": 0.95,
                "showConfidenceInterval": false,
                "compute": {
                  "totalCount": true,
                  "mean": true,
                  "sum": false,
                  "median": true,
                  "std": true,
                  "variance": false,
                  "skewness": false,
                  "kurtosis": false,
                  "sem": false,
                  "completeCount": true,
                  "nbEmpty": true,
                  "zeroCount": false,
                  "zeroRatio": false,
                  "nonZeroRatio": false,
                  "iqr": false,
                  "distinctCount": true,
                  "nbNonEmpty": false,
                  "min": true,
                  "max": true,
                  "range": false,
                  "mode": true
                },
                "column": {
                  "name": "forecast_upper_c_trans_amt_sum",
                  "type": "CONTINUOUS"
                },
                "id": "gYAZxrV"
              },
              {
                "type": "quantile_table",
                "confidenceLevel": 0.95,
                "showConfidenceInterval": false,
                "column": {
                  "name": "forecast_upper_c_trans_amt_sum",
                  "type": "CONTINUOUS"
                },
                "id": "3Djwr1c"
              }
            ],
            "id": "Gvn08HO"
          }
        ],
        "id": "H4UgqvC"
      }
    ],
    "id": "ZuPDkf8"
  },
  "name": "Worksheet",
  "versionTag": {
    "versionNumber": 1,
    "lastModifiedBy": {
      "login": "nick"
    },
    "lastModifiedOn": 1627041034606
  },
  "creationTag": {
    "versionNumber": 0,
    "lastModifiedBy": {
      "login": "nick"
    },
    "lastModifiedOn": 1627040996592
  },
  "tags": [],
  "customFields": {},
  "checklists": {
    "checklists": []
  }
}