{
  "dataSpec": {
    "inputDatasetSmartName": "customer_segments_scored",
    "datasetSelection": {
      "useMemTable": false,
      "filter": {
        "distinct": false,
        "enabled": false
      },
      "partitionSelectionMethod": "ALL",
      "latestPartitionsN": 1,
      "ordering": {
        "enabled": false,
        "rules": []
      },
      "samplingMethod": "HEAD_SEQUENTIAL",
      "maxRecords": 100000,
      "targetRatio": 0.02,
      "withinFirstN": -1,
      "maxReadUncompressedBytes": -1
    },
    "autoRefreshSample": true,
    "refreshTrigger": 0,
    "containerSelection": {
      "containerMode": "INHERIT"
    }
  },
  "rootCard": {
    "type": "worksheet_root",
    "confidenceLevel": 0.95,
    "showConfidenceInterval": false,
    "cards": [
      {
        "type": "univariate_header",
        "showHistogram": false,
        "showQuantile": false,
        "showFrequencyTable": true,
        "showSummary": true,
        "showBoxPlot": false,
        "xColumns": [
          {
            "name": "city_of_birth",
            "type": "CATEGORICAL"
          },
          {
            "name": "generation_group",
            "type": "CATEGORICAL"
          },
          {
            "name": "age_group",
            "type": "CATEGORICAL"
          },
          {
            "name": "gender",
            "type": "CATEGORICAL"
          },
          {
            "name": "marital_status_desc",
            "type": "CATEGORICAL"
          },
          {
            "name": "last_education_lvl_desc",
            "type": "CATEGORICAL"
          },
          {
            "name": "religion_desc",
            "type": "CATEGORICAL"
          }
        ],
        "cards": [
          {
            "type": "column_card",
            "column": {
              "name": "city_of_birth",
              "type": "CATEGORICAL"
            },
            "cards": [
              {
                "type": "univariate_summary",
                "confidenceLevel": 0.95,
                "showConfidenceInterval": false,
                "compute": {
                  "totalCount": true,
                  "mean": true,
                  "sum": false,
                  "median": true,
                  "std": true,
                  "variance": false,
                  "skewness": false,
                  "kurtosis": false,
                  "sem": false,
                  "completeCount": true,
                  "nbEmpty": true,
                  "zeroCount": false,
                  "zeroRatio": false,
                  "nonZeroRatio": false,
                  "iqr": false,
                  "distinctCount": true,
                  "nbNonEmpty": false,
                  "min": true,
                  "max": true,
                  "range": false,
                  "mode": true
                },
                "column": {
                  "name": "city_of_birth",
                  "type": "CATEGORICAL"
                },
                "id": "24BgR5W"
              },
              {
                "type": "univariate_frequency_table",
                "maxValues": 10,
                "column": {
                  "name": "city_of_birth",
                  "type": "CATEGORICAL"
                },
                "id": "E8V8k0N"
              }
            ],
            "id": "KDMsjPS"
          },
          {
            "type": "column_card",
            "column": {
              "name": "generation_group",
              "type": "CATEGORICAL"
            },
            "cards": [
              {
                "type": "univariate_summary",
                "confidenceLevel": 0.95,
                "showConfidenceInterval": false,
                "compute": {
                  "totalCount": true,
                  "mean": true,
                  "sum": false,
                  "median": true,
                  "std": true,
                  "variance": false,
                  "skewness": false,
                  "kurtosis": false,
                  "sem": false,
                  "completeCount": true,
                  "nbEmpty": true,
                  "zeroCount": false,
                  "zeroRatio": false,
                  "nonZeroRatio": false,
                  "iqr": false,
                  "distinctCount": true,
                  "nbNonEmpty": false,
                  "min": true,
                  "max": true,
                  "range": false,
                  "mode": true
                },
                "column": {
                  "name": "generation_group",
                  "type": "CATEGORICAL"
                },
                "id": "oovSK95"
              },
              {
                "type": "univariate_frequency_table",
                "maxValues": 10,
                "column": {
                  "name": "generation_group",
                  "type": "CATEGORICAL"
                },
                "id": "qIdbuX8"
              }
            ],
            "id": "3brtX7s"
          },
          {
            "type": "column_card",
            "column": {
              "name": "age_group",
              "type": "CATEGORICAL"
            },
            "cards": [
              {
                "type": "univariate_summary",
                "confidenceLevel": 0.95,
                "showConfidenceInterval": false,
                "compute": {
                  "totalCount": true,
                  "mean": true,
                  "sum": false,
                  "median": true,
                  "std": true,
                  "variance": false,
                  "skewness": false,
                  "kurtosis": false,
                  "sem": false,
                  "completeCount": true,
                  "nbEmpty": true,
                  "zeroCount": false,
                  "zeroRatio": false,
                  "nonZeroRatio": false,
                  "iqr": false,
                  "distinctCount": true,
                  "nbNonEmpty": false,
                  "min": true,
                  "max": true,
                  "range": false,
                  "mode": true
                },
                "column": {
                  "name": "age_group",
                  "type": "CATEGORICAL"
                },
                "id": "xggC2tA"
              },
              {
                "type": "univariate_frequency_table",
                "maxValues": 10,
                "column": {
                  "name": "age_group",
                  "type": "CATEGORICAL"
                },
                "id": "H7SKFMp"
              }
            ],
            "id": "OYSFoML"
          },
          {
            "type": "column_card",
            "column": {
              "name": "gender",
              "type": "CATEGORICAL"
            },
            "cards": [
              {
                "type": "univariate_summary",
                "confidenceLevel": 0.95,
                "showConfidenceInterval": false,
                "compute": {
                  "totalCount": true,
                  "mean": true,
                  "sum": false,
                  "median": true,
                  "std": true,
                  "variance": false,
                  "skewness": false,
                  "kurtosis": false,
                  "sem": false,
                  "completeCount": true,
                  "nbEmpty": true,
                  "zeroCount": false,
                  "zeroRatio": false,
                  "nonZeroRatio": false,
                  "iqr": false,
                  "distinctCount": true,
                  "nbNonEmpty": false,
                  "min": true,
                  "max": true,
                  "range": false,
                  "mode": true
                },
                "column": {
                  "name": "gender",
                  "type": "CATEGORICAL"
                },
                "id": "FalzmON"
              },
              {
                "type": "univariate_frequency_table",
                "maxValues": 10,
                "column": {
                  "name": "gender",
                  "type": "CATEGORICAL"
                },
                "id": "q1jXaal"
              }
            ],
            "id": "8rwGjxN"
          },
          {
            "type": "column_card",
            "column": {
              "name": "marital_status_desc",
              "type": "CATEGORICAL"
            },
            "cards": [
              {
                "type": "univariate_summary",
                "confidenceLevel": 0.95,
                "showConfidenceInterval": false,
                "compute": {
                  "totalCount": true,
                  "mean": true,
                  "sum": false,
                  "median": true,
                  "std": true,
                  "variance": false,
                  "skewness": false,
                  "kurtosis": false,
                  "sem": false,
                  "completeCount": true,
                  "nbEmpty": true,
                  "zeroCount": false,
                  "zeroRatio": false,
                  "nonZeroRatio": false,
                  "iqr": false,
                  "distinctCount": true,
                  "nbNonEmpty": false,
                  "min": true,
                  "max": true,
                  "range": false,
                  "mode": true
                },
                "column": {
                  "name": "marital_status_desc",
                  "type": "CATEGORICAL"
                },
                "id": "W5XsuTP"
              },
              {
                "type": "univariate_frequency_table",
                "maxValues": 10,
                "column": {
                  "name": "marital_status_desc",
                  "type": "CATEGORICAL"
                },
                "id": "xcw1iht"
              }
            ],
            "id": "30GEwJc"
          },
          {
            "type": "column_card",
            "column": {
              "name": "last_education_lvl_desc",
              "type": "CATEGORICAL"
            },
            "cards": [
              {
                "type": "univariate_summary",
                "confidenceLevel": 0.95,
                "showConfidenceInterval": false,
                "compute": {
                  "totalCount": true,
                  "mean": true,
                  "sum": false,
                  "median": true,
                  "std": true,
                  "variance": false,
                  "skewness": false,
                  "kurtosis": false,
                  "sem": false,
                  "completeCount": true,
                  "nbEmpty": true,
                  "zeroCount": false,
                  "zeroRatio": false,
                  "nonZeroRatio": false,
                  "iqr": false,
                  "distinctCount": true,
                  "nbNonEmpty": false,
                  "min": true,
                  "max": true,
                  "range": false,
                  "mode": true
                },
                "column": {
                  "name": "last_education_lvl_desc",
                  "type": "CATEGORICAL"
                },
                "id": "CXhTpSf"
              },
              {
                "type": "univariate_frequency_table",
                "maxValues": 10,
                "column": {
                  "name": "last_education_lvl_desc",
                  "type": "CATEGORICAL"
                },
                "id": "HEGoge6"
              }
            ],
            "id": "JJjdnHL"
          },
          {
            "type": "column_card",
            "column": {
              "name": "religion_desc",
              "type": "CATEGORICAL"
            },
            "cards": [
              {
                "type": "univariate_summary",
                "confidenceLevel": 0.95,
                "showConfidenceInterval": false,
                "compute": {
                  "totalCount": true,
                  "mean": true,
                  "sum": false,
                  "median": true,
                  "std": true,
                  "variance": false,
                  "skewness": false,
                  "kurtosis": false,
                  "sem": false,
                  "completeCount": true,
                  "nbEmpty": true,
                  "zeroCount": false,
                  "zeroRatio": false,
                  "nonZeroRatio": false,
                  "iqr": false,
                  "distinctCount": true,
                  "nbNonEmpty": false,
                  "min": true,
                  "max": true,
                  "range": false,
                  "mode": true
                },
                "column": {
                  "name": "religion_desc",
                  "type": "CATEGORICAL"
                },
                "id": "youpCYq"
              },
              {
                "type": "univariate_frequency_table",
                "maxValues": 10,
                "column": {
                  "name": "religion_desc",
                  "type": "CATEGORICAL"
                },
                "id": "0E2kA8j"
              }
            ],
            "id": "Kbn9HMT"
          }
        ],
        "splitBy": {
          "groupingColumn": {
            "name": "cluster_labels",
            "type": "CATEGORICAL"
          },
          "binningMode": "AUTO",
          "maxValues": 6,
          "groupWithOthers": true,
          "customBinningBoundaries": [],
          "groupWithAll": true
        },
        "id": "C8KdX3r"
      }
    ],
    "id": "CLC3q9z"
  },
  "name": "Worksheet",
  "versionTag": {
    "versionNumber": 3,
    "lastModifiedBy": {
      "login": "nick"
    },
    "lastModifiedOn": 1626958563402
  },
  "creationTag": {
    "versionNumber": 0,
    "lastModifiedBy": {
      "login": "nick"
    },
    "lastModifiedOn": 1626948274006
  },
  "tags": [],
  "customFields": {},
  "checklists": {
    "checklists": []
  }
}