{
  "dataSpec": {
    "inputDatasetSmartName": "sor_casa_td_trx_FC_prep",
    "datasetSelection": {
      "useMemTable": false,
      "filter": {
        "distinct": false,
        "enabled": false
      },
      "partitionSelectionMethod": "ALL",
      "latestPartitionsN": 1,
      "ordering": {
        "enabled": false,
        "rules": []
      },
      "samplingMethod": "HEAD_SEQUENTIAL",
      "maxRecords": 1000000,
      "targetRatio": 0.2,
      "withinFirstN": -1,
      "maxReadUncompressedBytes": -1
    },
    "autoRefreshSample": true,
    "refreshTrigger": 3,
    "containerSelection": {
      "containerMode": "INHERIT"
    }
  },
  "rootCard": {
    "type": "worksheet_root",
    "confidenceLevel": 0.95,
    "showConfidenceInterval": false,
    "cards": [
      {
        "type": "univariate_header",
        "showHistogram": true,
        "showQuantile": true,
        "showFrequencyTable": false,
        "showSummary": true,
        "showBoxPlot": true,
        "xColumns": [
          {
            "name": "trans_amt",
            "type": "CONTINUOUS"
          }
        ],
        "cards": [
          {
            "type": "column_card",
            "column": {
              "name": "trans_amt",
              "type": "CONTINUOUS"
            },
            "cards": [
              {
                "type": "numerical_histogram",
                "showBoxPlot": true,
                "showHistogram": true,
                "binningMode": "AUTO",
                "nbBins": 10,
                "customBinningBoundaries": [
                  10000.0,
                  50000.0,
                  100000.0,
                  500000.0,
                  1000000.0,
                  5000000.0,
                  1.0E7
                ],
                "column": {
                  "name": "trans_amt",
                  "type": "CONTINUOUS"
                },
                "id": "SHboMLe"
              },
              {
                "type": "univariate_summary",
                "confidenceLevel": 0.95,
                "showConfidenceInterval": false,
                "compute": {
                  "totalCount": true,
                  "mean": true,
                  "sum": false,
                  "median": true,
                  "std": true,
                  "variance": false,
                  "skewness": false,
                  "kurtosis": false,
                  "sem": false,
                  "completeCount": true,
                  "nbEmpty": true,
                  "zeroCount": false,
                  "zeroRatio": false,
                  "nonZeroRatio": false,
                  "iqr": false,
                  "distinctCount": true,
                  "nbNonEmpty": false,
                  "min": true,
                  "max": true,
                  "range": false,
                  "mode": true
                },
                "column": {
                  "name": "trans_amt",
                  "type": "CONTINUOUS"
                },
                "id": "ApfCVk9"
              },
              {
                "type": "quantile_table",
                "confidenceLevel": 0.95,
                "showConfidenceInterval": false,
                "column": {
                  "name": "trans_amt",
                  "type": "CONTINUOUS"
                },
                "id": "TlOwYfp"
              }
            ],
            "id": "CkGlLKM"
          }
        ],
        "id": "qwlldEB"
      }
    ],
    "id": "tWQ7ouG"
  },
  "name": "Worksheet",
  "versionTag": {
    "versionNumber": 11,
    "lastModifiedBy": {
      "login": "nick"
    },
    "lastModifiedOn": 1626923723159
  },
  "creationTag": {
    "versionNumber": 0,
    "lastModifiedBy": {
      "login": "nick"
    },
    "lastModifiedOn": 1626923214890
  },
  "tags": [],
  "customFields": {},
  "checklists": {
    "checklists": []
  }
}