{
  "dataSpec": {
    "inputDatasetSmartName": "sor_casa_td_trx_300p_latest",
    "datasetSelection": {
      "useMemTable": false,
      "filter": {
        "distinct": false,
        "enabled": false
      },
      "partitionSelectionMethod": "ALL",
      "latestPartitionsN": 1,
      "ordering": {
        "enabled": false,
        "rules": []
      },
      "samplingMethod": "HEAD_SEQUENTIAL",
      "maxRecords": 100000,
      "targetRatio": 0.02,
      "withinFirstN": -1,
      "maxReadUncompressedBytes": -1
    },
    "autoRefreshSample": true,
    "refreshTrigger": 2,
    "containerSelection": {
      "containerMode": "INHERIT"
    }
  },
  "rootCard": {
    "type": "worksheet_root",
    "confidenceLevel": 0.95,
    "showConfidenceInterval": false,
    "cards": [],
    "id": "GxZRQwq"
  },
  "name": "Worksheet",
  "versionTag": {
    "versionNumber": 4,
    "lastModifiedBy": {
      "login": "nick"
    },
    "lastModifiedOn": 1626923196998
  },
  "creationTag": {
    "versionNumber": 0,
    "lastModifiedBy": {
      "login": "nick"
    },
    "lastModifiedOn": 1626922111265
  },
  "tags": [],
  "customFields": {},
  "checklists": {
    "checklists": []
  }
}