{
  "script": {
    "steps": [],
    "maxProcessedMemTableBytes": -1,
    "fullSampleStatistics": {
      "engineConfig": {
        "padRunsWithMetrics": false,
        "hive": {
          "active": true,
          "extraConf": []
        },
        "basic": {},
        "dss": {
          "active": true,
          "selection": {
            "useMemTable": false,
            "filter": {
              "distinct": false,
              "enabled": false
            },
            "partitionSelectionMethod": "ALL",
            "latestPartitionsN": 1,
            "ordering": {
              "enabled": false,
              "rules": []
            },
            "samplingMethod": "FULL",
            "maxRecords": -1,
            "targetRatio": 0.02,
            "withinFirstN": -1,
            "maxReadUncompressedBytes": -1
          }
        },
        "sql": {
          "active": true
        },
        "impala": {
          "active": true
        },
        "spark": {
          "active": true,
          "extraConf": []
        },
        "python": {}
      },
      "basic": true,
      "countDistinct": true,
      "advanced": true,
      "percentile": false,
      "validity": false,
      "updateOnAnalyzeBoxOpen": false,
      "computeCostFreeMetrics": false,
      "numberTopValues": 10
    },
    "columnsSelection": {
      "mode": "ALL"
    },
    "columnWidthsByName": {
      "gcn_number": 127,
      "kyc_economic_sector_desc": 195,
      "permanent_residence": 158,
      "city_of_birth": 155,
      "generation_group": 135,
      "age": 100,
      "age_group": 100,
      "gender": 100,
      "marital_status_desc": 158,
      "nationality_cd": 120,
      "last_education_lvl_desc": 188,
      "religion_desc": 113,
      "vintage_year": 105,
      "vintage_year_group": 150,
      "target_product": 120,
      "product_holding": 128,
      "cc_avail_cr_amt_sum": 158,
      "cc_trans_count": 120,
      "cc_trans_freq_days": 150,
      "cc_trans_amt_avg": 135,
      "cc_trans_amt_sum": 135,
      "mortgage_outstanding_amt_sum": 225,
      "pl_outstanding_amt_sum": 180,
      "ca_count": 100,
      "cc_count": 100,
      "curr_bal_avg": 113,
      "avg_bal_last_1_month": 165,
      "days_btw_first_and_last_credit_avg": 270,
      "credit_trans_amt_min": 165,
      "credit_trans_amt_max": 165,
      "credit_trans_count": 150,
      "debit_idr_trans_count": 173,
      "debit_idr_trans_amt_sum": 188,
      "foreign_ccy_debit_count": 188,
      "credit_idr_trans_count": 180,
      "credit_idr_trans_amt_sum": 195,
      "foreign_ccy_credit_count": 195,
      "debit_weekday_trans_count": 203,
      "debit_weekday_trans_amt_sum": 218,
      "debit_weekend_trans_count": 203,
      "debit_weekend_trans_amt_sum": 218,
      "credit_weekday_trans_count": 210,
      "credit_weekday_trans_amt_sum": 225,
      "credit_weekend_trans_count": 210,
      "credit_weekend_trans_amt_sum": 225,
      "days_btw_first_and_last_debit_avg": 263,
      "debit_trans_amt_min": 158,
      "debit_trans_amt_max": 158,
      "debit_trans_count": 143,
      "td_current_cash_value_sum": 203,
      "td_count": 100,
      "mortgage_count": 120,
      "pl_count": 100
    },
    "coloring": {
      "scheme": "MEANING_AND_STATUS",
      "individualColumns": [],
      "valueColoringMode": "HASH"
    },
    "sorting": [],
    "analysisColumnData": {},
    "explorationSampling": {
      "selection": {
        "maxStoredBytes": 104857600,
        "timeout": -1,
        "filter": {
          "distinct": false,
          "enabled": false
        },
        "partitionSelectionMethod": "ALL",
        "latestPartitionsN": 1,
        "ordering": {
          "enabled": false,
          "rules": []
        },
        "samplingMethod": "HEAD_SEQUENTIAL",
        "maxRecords": 10000,
        "targetRatio": 0.02,
        "column": "target_product",
        "withinFirstN": -1,
        "maxReadUncompressedBytes": -1
      },
      "autoRefreshSample": false,
      "_refreshTrigger": 3
    },
    "vizSampling": {
      "autoRefreshSample": false,
      "_refreshTrigger": 0
    },
    "exploreUIParams": {
      "autoRefresh": true
    },
    "globalSearchQuery": "",
    "explorationFilters": [],
    "previewMode": "ALL_ROWS"
  },
  "charts": []
}