{
  "script": {
    "steps": [],
    "maxProcessedMemTableBytes": -1,
    "fullSampleStatistics": {
      "engineConfig": {
        "padRunsWithMetrics": false,
        "hive": {
          "active": true,
          "extraConf": []
        },
        "basic": {},
        "dss": {
          "active": true,
          "selection": {
            "useMemTable": false,
            "filter": {
              "distinct": false,
              "enabled": false
            },
            "partitionSelectionMethod": "ALL",
            "latestPartitionsN": 1,
            "ordering": {
              "enabled": false,
              "rules": []
            },
            "samplingMethod": "FULL",
            "maxRecords": -1,
            "targetRatio": 0.02,
            "withinFirstN": -1,
            "maxReadUncompressedBytes": -1
          }
        },
        "sql": {
          "active": true
        },
        "impala": {
          "active": true
        },
        "spark": {
          "active": true,
          "extraConf": []
        },
        "python": {}
      },
      "basic": true,
      "countDistinct": true,
      "advanced": true,
      "percentile": false,
      "validity": false,
      "updateOnAnalyzeBoxOpen": false,
      "computeCostFreeMetrics": false,
      "numberTopValues": 10
    },
    "columnsSelection": {
      "mode": "ALL"
    },
    "columnWidthsByName": {
      "acct_number": 127,
      "trans_amt_count": 128,
      "trans_amt_sum": 113,
      "credit_posting_timestamp_parsed_min": 295,
      "credit_posting_timestamp_parsed_max": 295,
      "credit_trans_amt_min": 165,
      "credit_trans_amt_max": 165,
      "credit_trans_amt_count": 180,
      "credit_trans_amt_avg": 190,
      "credit_trans_amt_sum": 165,
      "credit_count": 105,
      "debit_aud_trans_amt_count": 203,
      "debit_aud_trans_amt_sum": 188,
      "debit_cad_trans_amt_count": 203,
      "debit_cad_trans_amt_sum": 188,
      "debit_chf_trans_amt_count": 203,
      "debit_chf_trans_amt_sum": 188,
      "debit_cny_trans_amt_count": 203,
      "debit_cny_trans_amt_sum": 188,
      "debit_eur_trans_amt_count": 203,
      "debit_eur_trans_amt_sum": 188,
      "debit_gbp_trans_amt_count": 203,
      "debit_gbp_trans_amt_sum": 188,
      "debit_hkd_trans_amt_count": 203,
      "debit_hkd_trans_amt_sum": 188,
      "debit_idr_trans_amt_count": 203,
      "debit_idr_trans_amt_sum": 188,
      "debit_jpy_trans_amt_count": 203,
      "debit_jpy_trans_amt_sum": 188,
      "debit_nzd_trans_amt_count": 203,
      "debit_nzd_trans_amt_sum": 188,
      "debit_sgd_trans_amt_count": 203,
      "debit_sgd_trans_amt_sum": 188,
      "debit_usd_trans_amt_count": 203,
      "debit_usd_trans_amt_sum": 188,
      "credit_aud_trans_amt_count": 210,
      "credit_aud_trans_amt_sum": 195,
      "credit_cad_trans_amt_count": 210,
      "credit_cad_trans_amt_sum": 195,
      "credit_chf_trans_amt_count": 210,
      "credit_chf_trans_amt_sum": 195,
      "credit_cny_trans_amt_count": 210,
      "credit_cny_trans_amt_sum": 195,
      "credit_eur_trans_amt_count": 210,
      "credit_eur_trans_amt_sum": 195,
      "credit_gbp_trans_amt_count": 210,
      "credit_gbp_trans_amt_sum": 195,
      "credit_hkd_trans_amt_count": 210,
      "credit_hkd_trans_amt_sum": 195,
      "credit_idr_trans_amt_count": 210,
      "credit_idr_trans_amt_sum": 195,
      "credit_jpy_trans_amt_count": 210,
      "credit_jpy_trans_amt_sum": 195,
      "credit_nzd_trans_amt_count": 210,
      "credit_nzd_trans_amt_sum": 195,
      "credit_sgd_trans_amt_count": 210,
      "credit_sgd_trans_amt_sum": 195,
      "credit_usd_trans_amt_count": 210,
      "credit_usd_trans_amt_sum": 195,
      "debit_weekday_trans_amt_count": 233,
      "debit_weekday_trans_amt_sum": 218,
      "debit_weekend_trans_amt_count": 233,
      "debit_weekend_trans_amt_sum": 218,
      "credit_weekday_trans_amt_count": 240,
      "credit_weekday_trans_amt_sum": 225,
      "credit_weekend_trans_amt_count": 240,
      "credit_weekend_trans_amt_sum": 225,
      "debit_posting_timestamp_parsed_min": 288,
      "debit_posting_timestamp_parsed_max": 288,
      "debit_trans_amt_min": 158,
      "debit_trans_amt_max": 158,
      "debit_trans_amt_count": 173,
      "debit_trans_amt_avg": 183,
      "debit_trans_amt_sum": 158,
      "debit_count": 100
    },
    "coloring": {
      "scheme": "MEANING_AND_STATUS",
      "individualColumns": [],
      "valueColoringMode": "HASH"
    },
    "sorting": [],
    "analysisColumnData": {},
    "explorationSampling": {
      "selection": {
        "maxStoredBytes": 104857600,
        "timeout": -1,
        "filter": {
          "distinct": false,
          "enabled": false
        },
        "partitionSelectionMethod": "ALL",
        "latestPartitionsN": 1,
        "ordering": {
          "enabled": false,
          "rules": []
        },
        "samplingMethod": "HEAD_SEQUENTIAL",
        "maxRecords": 10000,
        "targetRatio": 0.02,
        "withinFirstN": -1,
        "maxReadUncompressedBytes": -1
      },
      "autoRefreshSample": false,
      "_refreshTrigger": 0
    },
    "vizSampling": {
      "autoRefreshSample": false,
      "_refreshTrigger": 0
    },
    "exploreUIParams": {
      "autoRefresh": true
    },
    "globalSearchQuery": "",
    "explorationFilters": [],
    "previewMode": "ALL_ROWS"
  },
  "charts": []
}