{
  "script": {
    "steps": [],
    "maxProcessedMemTableBytes": -1,
    "fullSampleStatistics": {
      "engineConfig": {
        "padRunsWithMetrics": false,
        "hive": {
          "active": true,
          "extraConf": []
        },
        "basic": {},
        "dss": {
          "active": true,
          "selection": {
            "useMemTable": false,
            "filter": {
              "distinct": false,
              "enabled": false
            },
            "partitionSelectionMethod": "ALL",
            "latestPartitionsN": 1,
            "ordering": {
              "enabled": false,
              "rules": []
            },
            "samplingMethod": "FULL",
            "maxRecords": -1,
            "targetRatio": 0.02,
            "withinFirstN": -1,
            "maxReadUncompressedBytes": -1
          }
        },
        "sql": {
          "active": true
        },
        "impala": {
          "active": true
        },
        "spark": {
          "active": true,
          "extraConf": []
        },
        "python": {}
      },
      "basic": true,
      "countDistinct": true,
      "advanced": true,
      "percentile": false,
      "validity": false,
      "updateOnAnalyzeBoxOpen": false,
      "computeCostFreeMetrics": false,
      "numberTopValues": 10
    },
    "columnsSelection": {
      "mode": "ALL"
    },
    "columnWidthsByName": {
      "batch_date": 120,
      "job_id": 120,
      "last_modified": 148,
      "source_system": 113,
      "loan_syariah_flag": 143,
      "sent_date": 113,
      "acct_status": 100,
      "branch_cd": 100,
      "agent_cd": 100,
      "dealer_cd": 100,
      "cif_number": 100,
      "acct_number": 148,
      "db_acct_number": 148,
      "cred_acct_number": 162,
      "fac_cd": 100,
      "fac_number": 141,
      "loan_type": 100,
      "ccy": 100,
      "gl_cd": 148,
      "ao_cd": 100,
      "purpose_type": 105,
      "curr_collect_cd": 128,
      "prev_collect_cd": 128,
      "collect_change_date": 158,
      "booking_id": 120,
      "booking_fac_number": 150,
      "calculate_int_type": 150,
      "acct_open_date": 120,
      "acct_close_date": 128,
      "break_ld_date": 113,
      "loan_start_date": 155,
      "loan_due_date": 141,
      "pymt_cd_gp": 100,
      "new_int_date": 105,
      "int_rate": 100,
      "commit_pymt": 100,
      "principal_arrears_freq": 180,
      "int_arrears_freq": 135,
      "tenor": 100,
      "instal_flag": 100,
      "fd_rate_flag": 105,
      "initial_lmt_amt": 128,
      "int_type_cd": 100,
      "repricing_term_cd": 143,
      "collect_5_change_date": 173,
      "original_arrears_date": 173,
      "alternate_ao_cd": 128,
      "effective_date": 120,
      "year_base": 100,
      "pymt_cd": 100,
      "principal_pymt_freq": 158,
      "int_pymt_freq": 113,
      "npl_status": 100,
      "disb_other_bank_flag": 165,
      "first_release_date": 150,
      "prime_rate_number": 143,
      "prev_tenor": 100,
      "curr_tenor": 100,
      "tenor_cd": 100,
      "loan_type_desc": 155,
      "seq_number": 100,
      "marketing_channel_cd": 165,
      "gl_cd_air": 148,
      "gl_cd_iis": 148,
      "gl_cd_ipw": 100,
      "impairment_flag": 128,
      "condition_cd": 105,
      "bank_cd": 100,
      "reporting_branch_cd": 158,
      "acct_type": 100,
      "application_number": 150,
      "fac_seq_number": 120,
      "cif_number_iloan": 135,
      "alternate_address_cd": 165,
      "alternate_name_cd": 143,
      "prev_acct_status": 135,
      "teller_special_status": 173,
      "acct_group_number": 143,
      "class_cd": 100,
      "group_cd": 100,
      "loan_group": 100,
      "call_report_cd": 120,
      "currency_decimals": 143,
      "cost_center": 100,
      "product_cd": 100,
      "appraisal_value": 128,
      "int_rebate_year_end": 158,
      "withdrawing_lmt": 128,
      "purchase_bank_cd": 135,
      "purchase_contract_number": 195,
      "purchase_value": 120,
      "collat_instal_exp_date": 180,
      "legal_filling_exp_date": 180,
      "first_pymt_date": 128,
      "extended_maturity_date": 180,
      "last_maint_date": 128,
      "initial_maturity_date": 173,
      "prime_review_date": 143,
      "non_accr_change_date": 165,
      "watch_list_date": 128,
      "last_cheque_return_date": 188,
      "full_release_date": 143,
      "refund_date": 100,
      "npl_date": 106,
      "judgement_date": 120,
      "initial_loan_date_jul": 173,
      "acct_open_date_jul": 150,
      "collat_instal_exp_date_jul": 210,
      "legal_filling_exp_date_jul": 210,
      "first_pymt_date_jul": 158,
      "pymt_good_thru_date_jul": 188,
      "initial_maturity_date_jul": 203,
      "non_accr_date_jul": 143,
      "watch_list_date_jul": 158,
      "last_cheque_return_date_jul": 218,
      "first_release_date_jul": 180,
      "full_release_date_jul": 173,
      "refund_date_jul": 128,
      "npl_date_jul": 105,
      "dealer_rate": 100,
      "maturity_rate": 113,
      "prime_variance": 120,
      "prime_variance_cd": 143,
      "prime_rate_floor": 135,
      "prime_rate_ceiling": 150,
      "prime_repricing_term": 165,
      "bank_disc_rate": 120,
      "commit_rate": 100,
      "commit_rate_number": 150,
      "effective_rate": 120,
      "pymt_freq_cd": 105,
      "int_pymt_freq_cd": 135,
      "int_base_cd": 100,
      "alternate_pymt_schedule_flag": 225,
      "reamortize_pymt_amt_flag": 195,
      "auto_extend_maturity_flag": 203,
      "auto_set_maturity_flag": 180,
      "first_instal_date_cd": 165,
      "auto_update_pymt_cd": 158,
      "default_pymt_cd": 128,
      "bank_disc_grace_period": 180,
      "participation_cd": 135,
      "cred_line_cd": 105,
      "department_cd": 113,
      "collateral_cd": 113,
      "collateral_type": 128,
      "si_cd": 100,
      "territory_cd": 105,
      "dealer_group": 105,
      "hold_mail_cd": 105,
      "include_cd": 100,
      "student_loan_cd": 128,
      "standard_industry_cd": 165,
      "print_billing_notice_flag": 203,
      "title_flag": 100,
      "past_due_notice_cd": 150,
      "past_due_history_flag": 173,
      "past_due_send_notice_flag": 203,
      "late_charge_type": 135,
      "classification_type": 158,
      "cred_rating_cd": 120,
      "state_cd": 100,
      "county_cd": 100,
      "special_message_flag": 165,
      "renewed_extended_mth_flag": 203,
      "escrow_mortgage_info": 165,
      "close_zero_bal_flag": 158,
      "cl_insurance_company_number": 218,
      "ah_insurance_company_number": 218,
      "misc_insurance_company_number": 233,
      "coupon_book_flag": 135,
      "coupon_book_term": 135,
      "investor_number": 128,
      "participation_pct": 143,
      "charge_off_acct_number": 180,
      "cred_line_acct_num": 150,
      "related_acct_num": 135,
      "consumer_loan_cd": 135,
      "stmt_delivery_cd": 135,
      "watch_list_cd": 113,
      "prepayment_penalty_cd": 173,
      "loan_scheme_cd": 120,
      "small_scale_cd": 120,
      "future_int_billing_flag": 188,
      "trf_secondary_accr_flag": 188,
      "trf_secondary_accr_pct": 180,
      "user_resch_roll_rebate_flag": 218,
      "npl_flag": 100,
      "yesterday_npl_status": 165,
      "release_cd": 100,
      "reminder_flag": 113,
      "revolving_flag": 120,
      "borrower_cd": 100,
      "guarantee_number": 135,
      "guarantee_cover": 128,
      "loan_provision": 120,
      "cash_bonus": 100,
      "drawndown_schedule_flag": 188,
      "subsidized_flag": 128,
      "status_date": 100,
      "status_date_jul": 128,
      "resch_roll_rebate_date": 180,
      "resch_roll_rebate_date_jul": 210,
      "start_grace_date": 135,
      "start_grace_date_jul": 165,
      "ending_grace_date": 143,
      "ending_grace_date_jul": 173,
      "variation_npl_status": 165,
      "prev_npl_status_date": 165,
      "prev_npl_status_date_jul": 195,
      "alternate_rate": 120,
      "stmt_cycle": 100,
      "stmt_cd": 100,
      "int_start_date": 120,
      "int_start_date_jul": 150,
      "npl_allocate_int_first_flag": 218,
      "rollover_method": 128,
      "upd_mat_date_rate_charge_flag": 233,
      "application_type": 135,
      "auto_set_nipdt_code": 158,
      "min_usage_lmt": 113,
      "pct_min_usage_lmt": 143,
      "late_charge_rate": 135,
      "late_charge_grace_period": 195,
      "com_fee_accr_year_base": 180,
      "number_adv_instal_due": 173,
      "pymt_cd_change_lmt_amt": 180,
      "car_cd": 100,
      "int_free_amt": 105,
      "int_free_pmt_portion": 165,
      "first_pymt_date_flag": 165,
      "reamortize_upon_disburse_flag": 233,
      "reamortize_rate_change_opt": 210,
      "reamortize_cap_rep_opt": 180,
      "reamortize_disburse_opt": 188,
      "rate_duration": 113,
      "elig_int_inlieu_notice": 180,
      "partial_prepymt_notice_term": 218,
      "partial_prepymt_notice_term_cd": 240,
      "early_settlement_notc_term": 210,
      "early_settlement_notc_term_cd": 233,
      "elig_prepymt_fee_flag": 173,
      "grace_period_mth": 135,
      "prepymt_fee_flat_amt": 165,
      "fee_pct_amt_prepaid": 158,
      "fee_pct_loan_amt": 135,
      "fee_pct_before_exp_period": 203,
      "cancel_fee_early_settlement": 218,
      "district_court": 120,
      "district_court_date": 158,
      "district_court_date_jul": 188,
      "bupln_location": 120,
      "bupln_date": 100,
      "bupln_date_jul": 120,
      "last_change_user": 135,
      "last_change_date": 135,
      "last_change_date_jul": 165,
      "last_change_time": 135,
      "mortgage_developer_id": 173,
      "collect_priority_split_cd": 203,
      "today_trans_flag": 135,
      "commit_lmt": 100,
      "commit_prepymt_date": 158,
      "commit_prepymt_date_jul": 188,
      "commit_settlement_date": 180,
      "commit_settlement_date_jul": 210,
      "commence_prepayment_ind": 188,
      "commence_early_settlement_ind": 233,
      "rebilling_ind": 113,
      "loan_coll_ratio": 128,
      "initial_pymt_amt": 135,
      "initial_pymt_freq": 143,
      "classification_date": 158,
      "classification_date_jul": 188,
      "prev_clasified_acct_cd": 180,
      "prev_classification_date": 195,
      "prev_classification_date_jul": 225,
      "last_release_date": 143,
      "last_release_date_jul": 173,
      "bank_prov_pct": 113,
      "min_pct_ppap": 105,
      "source_of_fund": 120,
      "waiver_status": 113,
      "compound_int": 105,
      "transfer_pricing_rate_pct": 203,
      "spread_int_rate": 128,
      "base_int_rate": 113,
      "tenor_repricing": 128,
      "pct_imb_initial_contract": 195,
      "pct_imb_mthly_report": 165,
      "pct_rbh_pbh": 100,
      "initial_plafond": 128,
      "contract_amt": 134,
      "depresiation_period": 158,
      "psak_pymt_freq": 120,
      "lmt_digit": 113,
      "nature_loan": 100,
      "usage_type": 100,
      "repricing_date": 120,
      "mortgage_developer_name": 188,
      "repricing_start_date": 165,
      "customer_type": 113,
      "processing_type": 128,
      "gl_cd_min_pymt_withold": 180,
      "gl_cd_deferred_margin": 173,
      "gl_cd_past_due_principal": 195,
      "gl_cd_past_due_margin": 173,
      "gl_cd_accr_margin": 143,
      "gl_cd_depreciation_ijarah": 203,
      "gl_cd_margin_pymt": 143,
      "gl_cd_principal_pymt": 165,
      "tenor_repricing_flag": 165,
      "woa_date": 100,
      "akad_type": 100,
      "nature_investment": 143,
      "profit_sharing_method": 173,
      "asset_type": 100,
      "asset_depreciation_method": 203,
      "rent_depreciation_method": 195,
      "govt_cred_program": 143,
      "restructure_cd": 120,
      "psak_pymt_cd": 105,
      "psak_grace_period": 143,
      "col_323": 100
    },
    "coloring": {
      "scheme": "MEANING_AND_STATUS",
      "individualColumns": [],
      "valueColoringMode": "HASH"
    },
    "sorting": [],
    "analysisColumnData": {},
    "explorationSampling": {
      "selection": {
        "maxStoredBytes": 104857600,
        "timeout": -1,
        "filter": {
          "distinct": false,
          "enabled": false
        },
        "partitionSelectionMethod": "ALL",
        "latestPartitionsN": 1,
        "ordering": {
          "enabled": false,
          "rules": []
        },
        "samplingMethod": "HEAD_SEQUENTIAL",
        "maxRecords": 10000,
        "targetRatio": 0.02,
        "withinFirstN": -1,
        "maxReadUncompressedBytes": -1
      },
      "autoRefreshSample": false,
      "_refreshTrigger": 0
    },
    "vizSampling": {
      "autoRefreshSample": false,
      "_refreshTrigger": 0
    },
    "exploreUIParams": {
      "autoRefresh": true
    },
    "globalSearchQuery": "",
    "explorationFilters": [],
    "previewMode": "ALL_ROWS"
  },
  "charts": []
}