{
  "script": {
    "steps": [],
    "maxProcessedMemTableBytes": -1,
    "columnsSelection": {
      "mode": "ALL"
    },
    "columnWidthsByName": {
      "batch_date": 120,
      "job_id": 127,
      "last_modified": 148,
      "source_system": 113,
      "gcn_number": 127,
      "customer_type": 113,
      "sdd_edd": 100,
      "risk_group_id": 113,
      "collectibility": 120,
      "profitibility": 113,
      "risk_grade": 100,
      "segment_cd": 100,
      "hash_key": 106,
      "tbo_flag": 100,
      "pep_flag": 100,
      "deleted_flag": 105,
      "ao_cd": 100,
      "downloaded_date": 128,
      "din": 113,
      "violate_bmpk_flag": 143,
      "exceed_bmpk_flag": 135,
      "debtor_categories": 143,
      "kyc_economic_sector_cd": 180,
      "kyc_economic_sector_desc": 197,
      "tax_number_statement_date": 203,
      "country_of_birth": 135,
      "permanent_residence": 158,
      "fatca_declaration_flag": 180,
      "facta_usa_phone_number_flag": 218,
      "fatca_stmt_date": 128,
      "aml_instruction_flag": 165,
      "salutation_before_name": 180,
      "salutation_after_name": 173,
      "city_of_birth": 127,
      "date_of_birth": 141,
      "gender": 100,
      "marital_status": 120,
      "total_number_of_dependant": 203,
      "nationality_cd": 120,
      "last_education_lvl": 150,
      "resident_status": 128,
      "religion": 100,
      "col_42": 100,
      "col_43": 100,
      "col_44": 100,
      "col_45": 100,
      "col_46": 100,
      "col_47": 100
    },
    "coloring": {
      "scheme": "MEANING_AND_STATUS",
      "individualColumns": [],
      "valueColoringMode": "HASH"
    },
    "sorting": [],
    "analysisColumnData": {},
    "explorationSampling": {
      "selection": {
        "maxStoredBytes": 104857600,
        "timeout": -1,
        "filter": {
          "distinct": false,
          "enabled": false
        },
        "partitionSelectionMethod": "ALL",
        "latestPartitionsN": 1,
        "ordering": {
          "enabled": false,
          "rules": []
        },
        "samplingMethod": "HEAD_SEQUENTIAL",
        "maxRecords": 10000,
        "targetRatio": 0.02,
        "withinFirstN": -1,
        "maxReadUncompressedBytes": -1
      },
      "autoRefreshSample": false,
      "_refreshTrigger": 3
    },
    "vizSampling": {
      "autoRefreshSample": false,
      "_refreshTrigger": 0
    },
    "exploreUIParams": {
      "autoRefresh": true
    },
    "globalSearchQuery": "",
    "explorationFilters": [],
    "previewMode": "ALL_ROWS"
  },
  "charts": []
}