{
  "script": {
    "steps": [],
    "maxProcessedMemTableBytes": -1,
    "columnsSelection": {
      "mode": "ALL"
    },
    "columnWidthsByName": {
      "batch_date": 120,
      "job_id": 127,
      "last_modified": 148,
      "cif_number": 127,
      "gcn_number": 127,
      "download_date": 141,
      "data_source": 100,
      "ao_cd": 100,
      "customer_open_date": 150,
      "collectibility_cd": 143,
      "verified_flag": 113,
      "verified_by": 100,
      "verified_date": 113,
      "deleted_flag": 105,
      "customer_number": 128,
      "customer_status": 128,
      "primary_cc_number": 169,
      "stmt_date": 100,
      "retour_flag": 100,
      "vip_cd": 100,
      "hold_mail": 100,
      "open_branch_cd": 120,
      "primary_acct_number": 158,
      "primary_giro_number": 158,
      "supervisor_id": 113,
      "cc_delivery_stmt": 135,
      "group_number": 105,
      "zakat": 100,
      "customer_segment": 135,
      "cdd_last_review_date": 165,
      "cdd_last_review_flag": 165,
      "rt_rw": 100,
      "kelurahan": 113,
      "kecamatan": 113,
      "city": 100,
      "postal_cd": 100,
      "country_cd": 100,
      "phone_area_cd_1": 128,
      "corp_phone_area": 128,
      "cc_declared_income": 150,
      "cc_net_monthly_income": 173,
      "cc_addtl_income": 128,
      "cc_addtl_income_latest": 180,
      "emerg_con_gender": 135,
      "emerg_con_rel_with_customer": 218,
      "emerg_con_rt_rw": 128,
      "emerg_con_kecamatan": 158,
      "emerg_con_kelurahan": 158,
      "emerg_con_city": 120,
      "emerg_con_postal_cd": 158,
      "emerg_con_country_cd": 165,
      "emerg_con_marital_status": 195,
      "emerg_con_phone_area_cd": 188,
      "emp_corp_type": 113,
      "emp_position": 106,
      "emp_department": 120,
      "emp_rt_rw": 113,
      "emp_kelurahan": 113,
      "emp_kecamatan": 113,
      "emp_city": 120,
      "emp_postal_cd": 113,
      "emp_country_cd": 120,
      "emp_economy_sector": 150,
      "emp_employee_since_month": 195,
      "emp_employee_since_year": 188,
      "emp_employment_type": 158,
      "emp_phone_area_cd": 143,
      "tbo_flag": 100,
      "oths_bank_name_1": 135,
      "oths_bank_acct_number_1": 188,
      "oths_bank_cc_number_1": 173,
      "oths_bank_name_2": 135,
      "oths_bank_acct_number_2": 188,
      "oths_bank_cc_number_2": 173,
      "gender": 100,
      "date_of_birth": 141,
      "id_type": 100,
      "id_issue_date": 113,
      "id_expiry_date": 120,
      "pl_net_monthly_income": 173,
      "pl_addtl_income": 128,
      "pl_addtl_income_latest": 180,
      "mortg_verified_income": 173,
      "mortg_nonverified_income": 195,
      "casa_td_stmt_delivery_cd": 195,
      "consolidate_stmt_flag": 173,
      "corp_fax_number_cd": 150,
      "corp_phone_2_area_cd": 165,
      "corp_phone_3_area_cd": 165,
      "phone_number_2_area_cd": 180,
      "phone_number_3_area_cd": 180,
      "fax_number_area_cd": 150,
      "emp_phone_number_2_area_cd": 210,
      "emp_fax_number_area_cd": 180,
      "wms_risk_profile": 135,
      "bi_wms_registry_code": 165,
      "cc_customer_collector": 173,
      "col_97": 100,
      "col_98": 100,
      "col_99": 100,
      "col_100": 100
    },
    "coloring": {
      "scheme": "MEANING_AND_STATUS",
      "individualColumns": [],
      "valueColoringMode": "HASH"
    },
    "sorting": [],
    "analysisColumnData": {},
    "explorationSampling": {
      "selection": {
        "maxStoredBytes": 104857600,
        "timeout": -1,
        "filter": {
          "distinct": false,
          "enabled": false
        },
        "partitionSelectionMethod": "ALL",
        "latestPartitionsN": 1,
        "ordering": {
          "enabled": false,
          "rules": []
        },
        "samplingMethod": "HEAD_SEQUENTIAL",
        "maxRecords": 10000,
        "targetRatio": 0.02,
        "withinFirstN": -1,
        "maxReadUncompressedBytes": -1
      },
      "autoRefreshSample": false,
      "_refreshTrigger": 5
    },
    "vizSampling": {
      "autoRefreshSample": false,
      "_refreshTrigger": 0
    },
    "exploreUIParams": {
      "autoRefresh": true
    },
    "globalSearchQuery": "",
    "explorationFilters": [],
    "previewMode": "ALL_ROWS"
  },
  "charts": []
}