{
  "connection": "@virtual(impala-jdbc):dataiku",
  "name": "prashant\u0027s notebook on dataiku",
  "cells": [
    {
      "id": "qmylupgmkp",
      "type": "QUERY",
      "querySettings": {
        "addLimitToStatement": true,
        "statementsOutOfTransaction": false,
        "inheritConf": "default",
        "extraConf": [],
        "addDkuUdf": false,
        "statementsParseMode": "SPLIT",
        "statementsExecutionMode": "PREPARED"
      }
    }
  ],
  "automationLocal": false,
  "versionTag": {
    "versionNumber": 1,
    "lastModifiedBy": {
      "login": "prashant"
    },
    "lastModifiedOn": 1626935524084
  },
  "creationTag": {
    "versionNumber": 0,
    "lastModifiedBy": {
      "login": "prashant"
    },
    "lastModifiedOn": 1626935516664
  },
  "tags": [],
  "customFields": {},
  "checklists": {
    "checklists": []
  }
}