{
  "queries": {
    "qmylupgmkp": [
      {
        "mode": "SQL",
        "id": "3sSON1EV9hWw",
        "runOn": 1626935528664,
        "runIn": 35,
        "runBy": "prashant",
        "connection": "@virtual(impala-jdbc):dataiku",
        "state": "DONE",
        "futureId": "JFjlQYLr",
        "hash": "7a28a0144cd9d63610c4fdb9d32d49d2",
        "querySettings": {
          "addLimitToStatement": true,
          "statementsOutOfTransaction": false,
          "inheritConf": "default",
          "extraConf": [],
          "addDkuUdf": false,
          "statementsParseMode": "SPLIT",
          "statementsExecutionMode": "PREPARED"
        },
        "sql": "show databases ;",
        "expandedSql": "show databases ;"
      }
    ]
  }
}