{
  "name": "API_endpoint",
  "endpoints": [
    {
      "modelRef": "dzxJUgDT",
      "useJava": true,
      "outputExplanations": false,
      "individualExplanationParams": {
        "method": "ICE",
        "nbExplanations": 3,
        "drawInScoredSet": false,
        "shapleyBackgroundSize": 100,
        "subChunkSize": 5000
      },
      "testQueries": [
        {
          "name": "customer_data_sa_all_product_train #1",
          "q": {
            "features": {
              "gcn_number": "9990520000000001",
              "permanent_residence": "00",
              "city_of_birth": "PALEMBANG",
              "generation_group": "Gen X",
              "age": 43,
              "age_group": "\u003e40-45",
              "gender": "Female",
              "marital_status_desc": "Married",
              "nationality_cd": "ID",
              "last_education_lvl_desc": "Undergraduate",
              "religion_desc": "Christian",
              "vintage_year": 6,
              "vintage_year_group": "6-10",
              "target_product": "CC",
              "curr_bal_avg": "59121.0",
              "avg_bal_last_1_month": 59099,
              "balance_change_lastperiod_avg": "3.7225672177194197E-4"
            }
          }
        }
      ],
      "enrichMapping": [],
      "healthCheckQueries": [],
      "returnPostEnrichData": false,
      "auditPostEnrichData": false,
      "id": "API_endpoint",
      "type": "STD_PREDICTION"
    }
  ],
  "publicAccess": true,
  "authRealm": {
    "queryKeys": []
  },
  "tags": [],
  "customFields": {},
  "checklists": {
    "checklists": []
  }
}