{
  "type": "join",
  "neverRecomputeExistingPartitions": false,
  "optionalDependencies": false,
  "customMeta": {
    "kv": {}
  },
  "redispatchPartitioning": false,
  "maxRunningActivities": 0,
  "variables": {},
  "dkuProperties": [],
  "inputs": {
    "main": {
      "items": [
        {
          "ref": "sor_casa_td_trx_agg_credit",
          "deps": []
        },
        {
          "ref": "sor_casa_td_trx_curr_debit",
          "deps": []
        },
        {
          "ref": "sor_casa_td_trx_curr_credit",
          "deps": []
        },
        {
          "ref": "sor_casa_td_trx_dow_debit",
          "deps": []
        },
        {
          "ref": "sor_casa_td_trx_dow_credit",
          "deps": []
        },
        {
          "ref": "sor_casa_td_trx_agg",
          "deps": []
        },
        {
          "ref": "sor_casa_td_trx_agg_debit",
          "deps": []
        }
      ]
    }
  },
  "outputs": {
    "main": {
      "items": [
        {
          "ref": "sor_casa_td_trx_join",
          "appendMode": false
        }
      ]
    }
  },
  "labels": [],
  "versionTag": {
    "versionNumber": 5,
    "lastModifiedBy": {
      "login": "nick"
    },
    "lastModifiedOn": 1626870525354
  },
  "creationTag": {
    "versionNumber": 0,
    "lastModifiedBy": {
      "login": "nick"
    },
    "lastModifiedOn": 1626665225051
  },
  "tags": [],
  "customFields": {},
  "checklists": {
    "checklists": []
  }
}