{
  "type": "CustomCode_timeseries-forecast-2-predict",
  "neverRecomputeExistingPartitions": false,
  "optionalDependencies": false,
  "params": {
    "customConfig": {
      "model_selection_mode": "manual",
      "performance_metric": "MASE",
      "prediction_length": -1,
      "confidence_interval": 90,
      "include_history": true,
      "sampling_method": "no_sampling",
      "number_records": 10000,
      "manually_selected_session": "2021-07-21T09:44:54.815629Z",
      "manually_selected_model_label": "NPTS"
    },
    "containerSelection": {
      "containerMode": "INHERIT"
    }
  },
  "customMeta": {
    "kv": {}
  },
  "redispatchPartitioning": false,
  "maxRunningActivities": 0,
  "variables": {},
  "dkuProperties": [],
  "inputs": {
    "model_folder": {
      "items": [
        {
          "ref": "xfFQoCJU",
          "deps": []
        }
      ]
    }
  },
  "outputs": {
    "output_dataset": {
      "items": [
        {
          "ref": "sor_casa_td_trx_FC_8weeksAhead",
          "appendMode": false
        }
      ]
    }
  },
  "labels": [],
  "versionTag": {
    "versionNumber": 2,
    "lastModifiedBy": {
      "login": "nick"
    },
    "lastModifiedOn": 1626860830430
  },
  "creationTag": {
    "versionNumber": 0,
    "lastModifiedBy": {
      "login": "nick"
    },
    "lastModifiedOn": 1626860500509
  },
  "tags": [],
  "customFields": {},
  "checklists": {
    "checklists": []
  }
}