{
  "type": "join",
  "neverRecomputeExistingPartitions": false,
  "optionalDependencies": false,
  "customMeta": {
    "kv": {}
  },
  "redispatchPartitioning": false,
  "maxRunningActivities": 0,
  "variables": {},
  "dkuProperties": [],
  "inputs": {
    "main": {
      "items": [
        {
          "ref": "sor_gcn_master_prepared_2",
          "deps": []
        },
        {
          "ref": "sor_cif_master_prepared1",
          "deps": []
        },
        {
          "ref": "sor_loan_acct_master_prepared_joined",
          "deps": []
        },
        {
          "ref": "sor_loan_acct_balance_prepared",
          "deps": []
        }
      ]
    }
  },
  "outputs": {
    "main": {
      "items": [
        {
          "ref": "gcn_master_loan_flagged",
          "appendMode": false
        }
      ]
    }
  },
  "labels": [],
  "versionTag": {
    "versionNumber": 5,
    "lastModifiedBy": {
      "login": "ririn.abeam"
    },
    "lastModifiedOn": 1626876164115
  },
  "creationTag": {
    "versionNumber": 0,
    "lastModifiedBy": {
      "login": "ririn.abeam"
    },
    "lastModifiedOn": 1626693099012
  },
  "tags": [],
  "customFields": {},
  "checklists": {
    "checklists": []
  }
}