{
  "type": "join",
  "neverRecomputeExistingPartitions": false,
  "optionalDependencies": false,
  "customMeta": {
    "kv": {}
  },
  "redispatchPartitioning": false,
  "maxRunningActivities": 0,
  "variables": {},
  "dkuProperties": [],
  "inputs": {
    "main": {
      "items": [
        {
          "ref": "sor_casa_master_prepared",
          "deps": []
        },
        {
          "ref": "sor_casa_balance_by_account",
          "deps": []
        },
        {
          "ref": "sor_casa_td_trx_joined_by_account",
          "deps": []
        }
      ]
    }
  },
  "outputs": {
    "main": {
      "items": [
        {
          "ref": "sor_casa_master_join",
          "appendMode": false
        }
      ]
    }
  },
  "labels": [],
  "versionTag": {
    "versionNumber": 12,
    "lastModifiedBy": {
      "login": "nick"
    },
    "lastModifiedOn": 1626873197764
  },
  "creationTag": {
    "versionNumber": 0,
    "lastModifiedBy": {
      "login": "nick"
    },
    "lastModifiedOn": 1626397944035
  },
  "tags": [],
  "customFields": {},
  "checklists": {
    "checklists": []
  }
}