{
  "type": "CustomCode_compare-dataset-with-model",
  "neverRecomputeExistingPartitions": false,
  "optionalDependencies": false,
  "params": {
    "customConfig": {
      "use_active_version": true,
      "metric_list": [
        "drift_score",
        "drift_model_accuracy",
        "fugacity",
        "riskiest_features",
        "feature_importance"
      ]
    },
    "containerSelection": {
      "containerMode": "INHERIT"
    }
  },
  "customMeta": {
    "kv": {}
  },
  "redispatchPartitioning": false,
  "maxRunningActivities": 0,
  "variables": {},
  "dkuProperties": [],
  "inputs": {
    "new": {
      "items": [
        {
          "ref": "customer_sa_all_product_test_filtered_scored",
          "deps": []
        }
      ]
    },
    "model": {
      "items": [
        {
          "ref": "dzxJUgDT",
          "deps": []
        }
      ]
    }
  },
  "outputs": {
    "output_dataset": {
      "items": [
        {
          "ref": "drift_dataset",
          "appendMode": false
        }
      ]
    }
  },
  "labels": [],
  "versionTag": {
    "versionNumber": 2,
    "lastModifiedBy": {
      "login": "ririn.abeam"
    },
    "lastModifiedOn": 1627310849274
  },
  "creationTag": {
    "versionNumber": 0,
    "lastModifiedBy": {
      "login": "nick"
    },
    "lastModifiedOn": 1627108632198
  },
  "tags": [],
  "customFields": {},
  "checklists": {
    "checklists": []
  }
}