{
  "type": "vstack",
  "neverRecomputeExistingPartitions": false,
  "optionalDependencies": false,
  "customMeta": {
    "kv": {}
  },
  "redispatchPartitioning": false,
  "maxRunningActivities": 0,
  "variables": {},
  "dkuProperties": [],
  "inputs": {
    "main": {
      "items": [
        {
          "ref": "customer_data_prepared_sa_ca",
          "deps": []
        },
        {
          "ref": "customer_data_prepared_sa_cc",
          "deps": []
        },
        {
          "ref": "customer_data_prepared_sa_pl",
          "deps": []
        },
        {
          "ref": "customer_data_prepared_sa_mtg",
          "deps": []
        },
        {
          "ref": "customer_data_prepared_sa_td",
          "deps": []
        }
      ]
    }
  },
  "outputs": {
    "main": {
      "items": [
        {
          "ref": "customer_data_sa_all_product",
          "appendMode": false
        }
      ]
    }
  },
  "labels": [],
  "versionTag": {
    "versionNumber": 6,
    "lastModifiedBy": {
      "login": "ririn.abeam"
    },
    "lastModifiedOn": 1627303808536
  },
  "creationTag": {
    "versionNumber": 0,
    "lastModifiedBy": {
      "login": "ririn.abeam"
    },
    "lastModifiedOn": 1626757989551
  },
  "tags": [],
  "customFields": {},
  "checklists": {
    "checklists": []
  }
}