{
  "type": "CustomCode_timeseries-forecast-1-train-evaluate",
  "neverRecomputeExistingPartitions": false,
  "optionalDependencies": false,
  "params": {
    "customConfig": {
      "frequency_unit": "W",
      "frequency_end_of_week": "SUN",
      "frequency_step_hours": 1,
      "frequency_step_minutes": 1,
      "additional_columns": false,
      "sampling_method": "no_sampling",
      "number_records": 10000,
      "prediction_length": 8,
      "forecasting_style": "choose_algorithms",
      "season_length_min": 1,
      "season_length_H": 24,
      "season_length_D": 7,
      "season_length_B": 5,
      "season_length_W": 52,
      "season_length_M": 12,
      "season_length_3M": 4,
      "season_length_6M": 2,
      "season_length_12M": 1,
      "trivial_identity_model_activated": true,
      "seasonal_naive_model_activated": true,
      "autoarima_model_activated": false,
      "autoarima_model_kwargs": {
        "seasonal": "True"
      },
      "seasonal_trend_model_activated": true,
      "seasonal_trend_model_kwargs": {
        "model": "ETSModel"
      },
      "npts_model_activated": true,
      "npts_model_kwargs": {
        "use_seasonal_model": "True"
      },
      "simplefeedforward_model_activated": true,
      "simplefeedforward_model_kwargs": {
        "num_hidden_dimensions": "[40, 40]"
      },
      "deepar_model_activated": true,
      "deepar_model_kwargs": {
        "num_layers": 2
      },
      "transformer_model_activated": true,
      "transformer_model_kwargs": {
        "model_dim": 32
      },
      "mqcnn_model_activated": true,
      "mqcnn_model_kwargs": {},
      "tft_model_activated": false,
      "tft_model_kwargs": {},
      "nbeats_model_activated": false,
      "nbeats_model_kwargs": {},
      "epoch": 10,
      "batch_size": 32,
      "auto_num_batches_per_epoch": false,
      "num_batches_per_epoch": 50,
      "evaluation_strategy": "split",
      "external_feature_activated": false,
      "evaluation_only": false,
      "use_gpu": false,
      "gpu_location": "local_gpu",
      "target_columns": [
        "c_trans_amt_sum",
        "d_trans_amt_sum"
      ],
      "timeseries_identifiers": [],
      "external_feature_columns": [],
      "gpu_devices": [],
      "time_column": "posting_timestamp_parsed"
    },
    "containerSelection": {
      "containerMode": "INHERIT"
    }
  },
  "customMeta": {
    "kv": {}
  },
  "redispatchPartitioning": false,
  "maxRunningActivities": 0,
  "variables": {},
  "dkuProperties": [],
  "inputs": {
    "input_dataset": {
      "items": [
        {
          "ref": "sor_casa_td_trx_FC_downsample",
          "deps": []
        }
      ]
    }
  },
  "outputs": {
    "model_folder": {
      "items": [
        {
          "ref": "xfFQoCJU",
          "appendMode": false
        }
      ]
    },
    "evaluation_dataset": {
      "items": [
        {
          "ref": "sor_casa_td_trx_FC_modelmetrics",
          "appendMode": false
        }
      ]
    },
    "evaluation_forecasts_dataset": {
      "items": [
        {
          "ref": "sor_casa_td_trx_FC_evaluation",
          "appendMode": false
        }
      ]
    }
  },
  "labels": [],
  "versionTag": {
    "versionNumber": 6,
    "lastModifiedBy": {
      "login": "nick"
    },
    "lastModifiedOn": 1626860686518
  },
  "creationTag": {
    "versionNumber": 0,
    "lastModifiedBy": {
      "login": "nick"
    },
    "lastModifiedOn": 1626857919439
  },
  "tags": [],
  "customFields": {},
  "checklists": {
    "checklists": []
  }
}