{
  "type": "join",
  "neverRecomputeExistingPartitions": false,
  "optionalDependencies": false,
  "customMeta": {
    "kv": {}
  },
  "redispatchPartitioning": false,
  "maxRunningActivities": 0,
  "variables": {},
  "dkuProperties": [],
  "inputs": {
    "main": {
      "items": [
        {
          "ref": "sor_gcn_master_prepared_2",
          "deps": []
        },
        {
          "ref": "sor_cif_master_prepared1",
          "deps": []
        },
        {
          "ref": "sor_cc_acct_master",
          "deps": []
        },
        {
          "ref": "cc_acct_balance_latest_prepared",
          "deps": []
        },
        {
          "ref": "cc_card_trx_prepared_by_acct_number_prepared",
          "deps": []
        }
      ]
    }
  },
  "outputs": {
    "main": {
      "items": [
        {
          "ref": "gcn_master_cc_flagged",
          "appendMode": false
        }
      ]
    }
  },
  "labels": [],
  "versionTag": {
    "versionNumber": 9,
    "lastModifiedBy": {
      "login": "ririn.abeam"
    },
    "lastModifiedOn": 1627016111337
  },
  "creationTag": {
    "versionNumber": 0,
    "lastModifiedBy": {
      "login": "ririn.abeam"
    },
    "lastModifiedOn": 1626537068616
  },
  "tags": [
    "cross sell_model"
  ],
  "customFields": {},
  "checklists": {
    "checklists": []
  }
}