{
  "type": "CustomCode_timeseries-preparation-resampling",
  "neverRecomputeExistingPartitions": false,
  "optionalDependencies": false,
  "params": {
    "customConfig": {
      "advanced_activated": false,
      "time_step": 1,
      "time_unit": "weeks",
      "time_unit_end_of_week": "SUN",
      "interpolation_method": "linear",
      "constant_value": 0,
      "extrapolation_method": "clip",
      "category_imputation_method": "empty",
      "clip_start": 0,
      "clip_end": 0,
      "shift": 0,
      "groupby_columns": [],
      "category_constant_value": "",
      "datetime_column": "posting_timestamp_parsed"
    },
    "containerSelection": {
      "containerMode": "INHERIT"
    }
  },
  "customMeta": {
    "kv": {}
  },
  "redispatchPartitioning": false,
  "maxRunningActivities": 0,
  "variables": {},
  "dkuProperties": [],
  "inputs": {
    "input_dataset": {
      "items": [
        {
          "ref": "sor_casa_td_trx_FC_windows",
          "deps": []
        }
      ]
    }
  },
  "outputs": {
    "output_dataset": {
      "items": [
        {
          "ref": "sor_casa_td_trx_FC_downsample",
          "appendMode": false
        }
      ]
    }
  },
  "labels": [],
  "versionTag": {
    "versionNumber": 1,
    "lastModifiedBy": {
      "login": "nick"
    },
    "lastModifiedOn": 1626854436019
  },
  "creationTag": {
    "versionNumber": 0,
    "lastModifiedBy": {
      "login": "nick"
    },
    "lastModifiedOn": 1626854398175
  },
  "tags": [],
  "customFields": {},
  "checklists": {
    "checklists": []
  }
}