{
  "type": "join",
  "neverRecomputeExistingPartitions": false,
  "optionalDependencies": false,
  "customMeta": {
    "kv": {}
  },
  "redispatchPartitioning": false,
  "maxRunningActivities": 0,
  "variables": {},
  "dkuProperties": [],
  "inputs": {
    "main": {
      "items": [
        {
          "ref": "sor_gcn_master_prepared_2",
          "deps": []
        },
        {
          "ref": "gcn_master_cc_flagged_by_gcn_number",
          "deps": []
        },
        {
          "ref": "gcn_master_loan_flagged_prepared_by_gcn_number",
          "deps": []
        },
        {
          "ref": "gcn_master_casa_flagged_prepared_by_gcn_number",
          "deps": []
        },
        {
          "ref": "sor_casa_groupByGCN",
          "deps": []
        },
        {
          "ref": "sor_td_master_joined_by_gcn_number",
          "deps": []
        }
      ]
    }
  },
  "outputs": {
    "main": {
      "items": [
        {
          "ref": "customer_data",
          "appendMode": false
        }
      ]
    }
  },
  "labels": [],
  "versionTag": {
    "versionNumber": 17,
    "lastModifiedBy": {
      "login": "ririn.abeam"
    },
    "lastModifiedOn": 1627264213717
  },
  "creationTag": {
    "versionNumber": 0,
    "lastModifiedBy": {
      "login": "ririn.abeam"
    },
    "lastModifiedOn": 1626537846277
  },
  "tags": [
    "cross sell_model"
  ],
  "customFields": {},
  "checklists": {
    "checklists": []
  }
}