{
  "type": "grouping",
  "neverRecomputeExistingPartitions": false,
  "optionalDependencies": false,
  "customMeta": {
    "kv": {}
  },
  "redispatchPartitioning": false,
  "maxRunningActivities": 0,
  "variables": {},
  "dkuProperties": [],
  "inputs": {
    "main": {
      "items": [
        {
          "ref": "gcn_master_cc_flagged",
          "deps": []
        }
      ]
    }
  },
  "outputs": {
    "main": {
      "items": [
        {
          "ref": "gcn_master_cc_flagged_by_gcn_number",
          "appendMode": false
        }
      ]
    }
  },
  "labels": [],
  "versionTag": {
    "versionNumber": 6,
    "lastModifiedBy": {
      "login": "ririn.abeam"
    },
    "lastModifiedOn": 1627016293217
  },
  "creationTag": {
    "versionNumber": 0,
    "lastModifiedBy": {
      "login": "ririn.abeam"
    },
    "lastModifiedOn": 1626537402312
  },
  "tags": [
    "cross sell_model"
  ],
  "customFields": {},
  "checklists": {
    "checklists": []
  }
}