{
  "type": "join",
  "neverRecomputeExistingPartitions": false,
  "optionalDependencies": false,
  "customMeta": {
    "kv": {}
  },
  "redispatchPartitioning": false,
  "maxRunningActivities": 0,
  "variables": {},
  "dkuProperties": [],
  "inputs": {
    "main": {
      "items": [
        {
          "ref": "sor_td_master",
          "deps": []
        },
        {
          "ref": "sor_td_balance_prepared",
          "deps": []
        }
      ]
    }
  },
  "outputs": {
    "main": {
      "items": [
        {
          "ref": "sor_td_master_joined",
          "appendMode": false
        }
      ]
    }
  },
  "labels": [],
  "versionTag": {
    "versionNumber": 12,
    "lastModifiedBy": {
      "login": "admin"
    },
    "lastModifiedOn": 1626951379014
  },
  "creationTag": {
    "versionNumber": 0,
    "lastModifiedBy": {
      "login": "ririn.abeam"
    },
    "lastModifiedOn": 1626844917232
  },
  "tags": [],
  "customFields": {},
  "checklists": {
    "checklists": []
  }
}