{
  "type": "split",
  "neverRecomputeExistingPartitions": false,
  "optionalDependencies": false,
  "customMeta": {
    "kv": {}
  },
  "redispatchPartitioning": false,
  "maxRunningActivities": 0,
  "variables": {},
  "dkuProperties": [],
  "inputs": {
    "main": {
      "items": [
        {
          "ref": "sor_casa_td_trx_agg",
          "deps": []
        }
      ]
    }
  },
  "outputs": {
    "main": {
      "items": [
        {
          "ref": "sor_casa_td_trx_agg_debit",
          "appendMode": false
        },
        {
          "ref": "sor_casa_td_trx_agg_credit",
          "appendMode": false
        }
      ]
    }
  },
  "labels": [],
  "versionTag": {
    "versionNumber": 4,
    "lastModifiedBy": {
      "login": "nick"
    },
    "lastModifiedOn": 1626869615308
  },
  "creationTag": {
    "versionNumber": 0,
    "lastModifiedBy": {
      "login": "ririn.abeam"
    },
    "lastModifiedOn": 1626770394108
  },
  "tags": [],
  "customFields": {},
  "checklists": {
    "checklists": []
  }
}