{
  "dashboardAuthorizations": {
    "allAuthorized": false,
    "authorizations": [
      {
        "objectRef": {
          "objectId": "sor_casa_td_trx_FC_8weeksAhead",
          "objectType": "DATASET"
        },
        "modes": [
          "READ"
        ]
      },
      {
        "objectRef": {
          "objectId": "sor_casa_td_trx_300p_latest",
          "objectType": "DATASET"
        },
        "modes": [
          "READ"
        ]
      },
      {
        "objectRef": {
          "objectId": "sor_casa_td_trx_FC_prep",
          "objectType": "DATASET"
        },
        "modes": [
          "READ"
        ]
      },
      {
        "objectRef": {
          "objectId": "sor_casa_td_trx_FC_evaluation",
          "objectType": "DATASET"
        },
        "modes": [
          "READ"
        ]
      },
      {
        "objectRef": {
          "objectId": "sor_casa_td_trx_FC_modelmetrics",
          "objectType": "DATASET"
        },
        "modes": [
          "READ"
        ]
      },
      {
        "objectRef": {
          "objectId": "customer_segments_scored",
          "objectType": "DATASET"
        },
        "modes": [
          "READ"
        ]
      },
      {
        "objectRef": {
          "objectId": "fMQe4fOs",
          "objectType": "SAVED_MODEL"
        },
        "modes": [
          "READ"
        ]
      },
      {
        "objectRef": {
          "objectId": "customer_sa_all_product_test_filtered_scored",
          "objectType": "DATASET"
        },
        "modes": [
          "READ"
        ]
      },
      {
        "objectRef": {
          "objectId": "customer_sa_all_product_test_prepared",
          "objectType": "DATASET"
        },
        "modes": [
          "READ"
        ]
      },
      {
        "objectRef": {
          "objectId": "dzxJUgDT",
          "objectType": "SAVED_MODEL"
        },
        "modes": [
          "READ"
        ]
      },
      {
        "objectRef": {
          "objectId": "sor_casa_td_trx_FC_prep_groupBy",
          "objectType": "DATASET"
        },
        "modes": [
          "READ"
        ]
      },
      {
        "objectRef": {
          "objectId": "customer_data_prepared",
          "objectType": "DATASET"
        },
        "modes": [
          "READ"
        ]
      }
    ]
  },
  "exposedObjects": {
    "objects": []
  },
  "projectType": "REGULAR",
  "projectAppType": "REGULAR",
  "owner": "nick",
  "permissions": [
    {
      "group": "ABEAM",
      "admin": false,
      "readProjectContent": false,
      "writeProjectContent": true,
      "exportDatasetsData": true,
      "readDashboards": false,
      "writeDashboards": false,
      "moderateDashboards": false,
      "runScenarios": false,
      "manageDashboardAuthorizations": false,
      "manageExposedElements": false,
      "manageAdditionalDashboardUsers": false,
      "executeApp": false
    }
  ],
  "additionalDashboardUsers": {
    "users": []
  },
  "tutorialProject": false,
  "settings": {
    "flowAnchorSourcesAndSinks": true,
    "gitCommitMode": "AUTO",
    "disableAutomaticTriggers": false,
    "integrations": {
      "integrations": []
    },
    "flowBuildSettings": {
      "mergeSparkPipelines": false,
      "pruneBeforeSparkPipelines": true,
      "mergeSqlPipelines": false,
      "pruneBeforeSqlPipelines": true
    },
    "limitsSettings": {
      "memSampleBytes": {
        "soft": -1,
        "hard": 104857600
      },
      "shakerMemTableBytes": {
        "soft": -1,
        "hard": -1
      },
      "attachmentBytes": {
        "soft": -1,
        "hard": -1
      }
    },
    "relocationSettings": {
      "sqlLikeRecipesInitializationMode": "RESOLVED_TABLE_REFERENCES"
    },
    "recipeEnginesPreferences": {
      "forbiddenEngines": [],
      "enginesPreferenceOrder": [],
      "forbiddenByRecipeType": {},
      "preferenceByRecipeType": {}
    },
    "codeEnvs": {
      "python": {
        "mode": "INHERIT",
        "preventOverride": false
      },
      "r": {
        "mode": "INHERIT",
        "preventOverride": false
      },
      "julia": {
        "mode": "INHERIT",
        "preventOverride": false
      }
    },
    "container": {
      "containerMode": "INHERIT"
    },
    "datasetsCreationSettings": {
      "useGlobal": true,
      "preferedStorageFormats": "CSV_ESCAPING_NOGZIP_FORHIVE,CSV_EXCEL_GZIP,PARQUET_HIVE",
      "virtualizable": false,
      "allowUploadsWithoutConnection": true
    },
    "hiveEngineCreationSettings": {
      "useGlobal": true,
      "executionEngine": "HIVECLI_LOCAL"
    },
    "sparkEngineCreationSettings": {
      "useGlobal": true,
      "executionEngine": "SPARK_SUBMIT",
      "useGlobalMetastore": false
    },
    "impalaEngineCreationSettings": {
      "useGlobal": true,
      "streamMode": true
    },
    "wikiSettings": {
      "promoted": false
    },
    "cluster": {
      "clusterMode": "INHERIT"
    },
    "k8sCluster": {
      "clusterMode": "INHERIT"
    },
    "virtualWebAppBackendSettings": {
      "mode": "INHERIT",
      "preventOverride": false,
      "infra": {
        "containerSelection": {
          "containerMode": "INHERIT"
        },
        "overrideGlobalK8sExposition": false,
        "exposition": {
          "type": "local_process",
          "params": {}
        },
        "scaling": {
          "initialReplicas": 1,
          "hpa": false,
          "hpaTargetCPUPercent": 0,
          "hpaMetrics": [],
          "hpaMinPods": 0,
          "hpaMaxPods": 0,
          "hpaAnnotations": []
        },
        "deploymentModifier": {}
      }
    }
  },
  "name": "Bank Customer Segmentation",
  "imgPattern": 5,
  "showInitials": false,
  "metrics": {
    "probes": [],
    "engineConfig": {
      "padRunsWithMetrics": false,
      "hive": {
        "active": true,
        "extraConf": []
      },
      "basic": {},
      "dss": {
        "active": true,
        "selection": {
          "useMemTable": false,
          "filter": {
            "distinct": false,
            "enabled": false
          },
          "partitionSelectionMethod": "ALL",
          "latestPartitionsN": 1,
          "ordering": {
            "enabled": false,
            "rules": []
          },
          "samplingMethod": "FULL",
          "maxRecords": -1,
          "targetRatio": 0.02,
          "withinFirstN": -1,
          "maxReadUncompressedBytes": -1
        }
      },
      "sql": {
        "active": true
      },
      "impala": {
        "active": true
      },
      "spark": {
        "active": true,
        "extraConf": []
      },
      "python": {}
    },
    "displayedState": {
      "columns": [],
      "metrics": []
    }
  },
  "metricsChecks": {
    "runOnBuild": false,
    "checks": [],
    "displayedState": {
      "checks": []
    }
  },
  "versionTag": {
    "versionNumber": 56,
    "lastModifiedBy": {
      "login": "admin"
    },
    "lastModifiedOn": 1627276853028
  },
  "creationTag": {
    "versionNumber": 0,
    "lastModifiedBy": {
      "login": "nick"
    },
    "lastModifiedOn": 1626231963512
  },
  "description": "This is a PoC project for OCBC NISP.\nIts a partial Customer 360 solutions with Customer portfolio, Customer segmentation - clustering, and Xsell model. ",
  "shortDesc": "The project *Bank Customer Segmentation* was created by Nick on Jul 14th 2021",
  "tags": [
    "PoC",
    "Customer 360"
  ],
  "customFields": {},
  "checklists": {
    "checklists": [
      {
        "id": "19bf0b",
        "title": "PoC Todo",
        "createdOn": 0,
        "items": [
          {
            "done": true,
            "text": "Create Cust Portfolio",
            "createdOn": 1627262202064,
            "createdBy": "denny.abeam",
            "stateChangedOn": 0
          },
          {
            "done": true,
            "text": "Create Segmentation model",
            "createdOn": 1627262214970,
            "createdBy": "denny.abeam",
            "stateChangedOn": 0
          },
          {
            "done": true,
            "text": "Create Xsell model",
            "createdOn": 1627262230248,
            "createdBy": "denny.abeam",
            "stateChangedOn": 0
          },
          {
            "done": true,
            "text": "Add Loan data",
            "createdOn": 1627262391892,
            "createdBy": "denny.abeam",
            "stateChangedOn": 0
          },
          {
            "done": true,
            "text": "Add narrative / name the cluster",
            "createdOn": 1627262409719,
            "createdBy": "denny.abeam",
            "stateChangedOn": 0
          },
          {
            "done": true,
            "text": "Create dashboard",
            "createdOn": 1627262422675,
            "createdBy": "denny.abeam",
            "stateChangedOn": 0
          },
          {
            "done": false,
            "text": "Build hadoop integration demo",
            "createdOn": 1627262442722,
            "createdBy": "denny.abeam",
            "stateChangedOn": 0
          },
          {
            "done": false,
            "text": "Prepare demo for model finetuning / SHAPley analysis,  hyper parameter tuning",
            "createdOn": 1627262476691,
            "createdBy": "denny.abeam",
            "stateChangedOn": 0
          },
          {
            "done": false,
            "text": "Demo for job automation/scheduling",
            "createdOn": 1627262496987,
            "createdBy": "denny.abeam",
            "stateChangedOn": 0
          },
          {
            "done": false,
            "text": "Demo IT monitoring",
            "createdOn": 1627262544234,
            "createdBy": "denny.abeam",
            "stateChangedOn": 0
          },
          {
            "done": false,
            "text": "PPT for product architecture",
            "createdOn": 1627262577360,
            "createdBy": "denny.abeam",
            "stateChangedOn": 0
          },
          {
            "done": false,
            "text": "Demo for MLops capability",
            "createdOn": 1627262604264,
            "createdBy": "denny.abeam",
            "stateChangedOn": 0
          },
          {
            "done": false,
            "text": "Final slides preparation",
            "createdOn": 1627262729475,
            "createdBy": "denny.abeam",
            "stateChangedOn": 0
          }
        ]
      }
    ]
  }
}