{
  "type": "HDFS",
  "managed": true,
  "formatType": "csv",
  "checklists": {
    "checklists": []
  },
  "checks": [],
  "customMeta": {
    "kv": {}
  },
  "flowOptions": {
    "virtualizable": false,
    "rebuildBehavior": "NORMAL",
    "crossProjectBuildBehavior": "DEFAULT"
  },
  "readWriteOptions": {
    "preserveOrder": false,
    "writeBuckets": 1,
    "forceSingleOutputFile": false,
    "defaultReadOrdering": {
      "enabled": false,
      "rules": []
    }
  },
  "formatParams": {
    "style": "escape_only_no_quote",
    "charset": "utf8",
    "separator": "\t",
    "quoteChar": "\"",
    "escapeChar": "\\",
    "arrayItemSeparator": "\u0002",
    "mapKeySeparator": "\u0003",
    "dateSerializationFormat": "HIVE",
    "arrayMapFormat": "hive",
    "hiveSeparators": [
      "\u0002",
      "\u0003",
      "\u0004",
      "\u0005",
      "\u0006",
      "\u0007",
      "\b"
    ],
    "skipRowsBeforeHeader": 0,
    "parseHeaderRow": false,
    "skipRowsAfterHeader": 0,
    "probableNumberOfRecords": 0,
    "normalizeBooleans": false,
    "normalizeDoubles": true,
    "readAdditionalColumnsBehavior": "INSERT_IN_DATA_WARNING",
    "readMissingColumnsBehavior": "DISCARD_SILENT",
    "readDataTypeMismatchBehavior": "DISCARD_WARNING",
    "writeDataTypeMismatchBehavior": "DISCARD_WARNING",
    "fileReadFailureBehavior": "FAIL",
    "compress": ""
  },
  "partitioning": {
    "ignoreNonMatchingFile": false,
    "considerMissingRequestedPartitionsAsEmpty": false,
    "dimensions": []
  },
  "versionTag": {
    "versionNumber": 6,
    "lastModifiedBy": {
      "login": "ririn.abeam"
    },
    "lastModifiedOn": 1627303876446
  },
  "creationTag": {
    "versionNumber": 0,
    "lastModifiedBy": {
      "login": "ririn.abeam"
    },
    "lastModifiedOn": 1626758144606
  },
  "tags": [],
  "params": {
    "metastoreSynchronizationEnabled": true,
    "hiveTableName": "customer_data_sa_all_product_train",
    "connection": "hdfs_managed",
    "path": "/${projectKey}/customer_data_sa_all_product_train",
    "notReadyIfEmpty": false,
    "filesSelectionRules": {
      "mode": "ALL",
      "excludeRules": [],
      "includeRules": [],
      "explicitFiles": []
    }
  },
  "schema": {
    "columns": [
      {
        "name": "gcn_number",
        "type": "string"
      },
      {
        "name": "kyc_economic_sector_desc",
        "type": "string"
      },
      {
        "name": "permanent_residence",
        "type": "string",
        "meaning": "Text"
      },
      {
        "name": "city_of_birth",
        "type": "string"
      },
      {
        "name": "generation_group",
        "type": "string"
      },
      {
        "name": "age",
        "type": "bigint"
      },
      {
        "name": "age_group",
        "type": "string"
      },
      {
        "name": "gender",
        "type": "string"
      },
      {
        "name": "marital_status_desc",
        "type": "string"
      },
      {
        "name": "nationality_cd",
        "type": "string"
      },
      {
        "name": "last_education_lvl_desc",
        "type": "string"
      },
      {
        "name": "religion_desc",
        "type": "string"
      },
      {
        "name": "vintage_year",
        "type": "bigint"
      },
      {
        "name": "vintage_year_group",
        "type": "string"
      },
      {
        "name": "target_product",
        "type": "string"
      },
      {
        "name": "curr_bal_avg",
        "type": "string"
      },
      {
        "name": "avg_bal_last_1_month",
        "type": "double"
      },
      {
        "name": "days_btw_first_and_last_credit_avg",
        "type": "string"
      },
      {
        "name": "credit_trans_amt_min",
        "type": "string"
      },
      {
        "name": "credit_trans_amt_max",
        "type": "string"
      },
      {
        "name": "credit_trans_count",
        "type": "string"
      },
      {
        "name": "debit_idr_trans_count",
        "type": "string"
      },
      {
        "name": "debit_idr_trans_amt_sum",
        "type": "string"
      },
      {
        "name": "foreign_ccy_debit_count",
        "type": "string"
      },
      {
        "name": "credit_idr_trans_count",
        "type": "string"
      },
      {
        "name": "credit_idr_trans_amt_sum",
        "type": "string"
      },
      {
        "name": "foreign_ccy_credit_count",
        "type": "string"
      },
      {
        "name": "debit_weekday_trans_count",
        "type": "string"
      },
      {
        "name": "debit_weekday_trans_amt_sum",
        "type": "string"
      },
      {
        "name": "debit_weekend_trans_count",
        "type": "string"
      },
      {
        "name": "debit_weekend_trans_amt_sum",
        "type": "string"
      },
      {
        "name": "credit_weekday_trans_count",
        "type": "string"
      },
      {
        "name": "credit_weekday_trans_amt_sum",
        "type": "string"
      },
      {
        "name": "credit_weekend_trans_count",
        "type": "string"
      },
      {
        "name": "credit_weekend_trans_amt_sum",
        "type": "string"
      },
      {
        "name": "days_btw_first_and_last_debit_avg",
        "type": "string"
      },
      {
        "name": "debit_trans_amt_min",
        "type": "string"
      },
      {
        "name": "debit_trans_amt_max",
        "type": "string"
      },
      {
        "name": "debit_trans_count",
        "type": "string"
      }
    ],
    "userModified": true
  },
  "dkuProperties": [],
  "metrics": {
    "probes": [
      {
        "type": "basic",
        "enabled": true,
        "computeOnBuildMode": "PARTITION",
        "meta": {
          "name": "Basic data",
          "level": 0
        },
        "configuration": {}
      },
      {
        "type": "records",
        "enabled": true,
        "computeOnBuildMode": "NO",
        "meta": {
          "name": "Record count",
          "level": 0
        },
        "configuration": {}
      }
    ],
    "engineConfig": {
      "padRunsWithMetrics": false,
      "hive": {
        "active": true,
        "extraConf": []
      },
      "basic": {},
      "dss": {
        "active": true,
        "selection": {
          "useMemTable": false,
          "filter": {
            "distinct": false,
            "enabled": false
          },
          "partitionSelectionMethod": "ALL",
          "latestPartitionsN": 1,
          "ordering": {
            "enabled": false,
            "rules": []
          },
          "samplingMethod": "FULL",
          "maxRecords": -1,
          "targetRatio": 0.02,
          "withinFirstN": -1,
          "maxReadUncompressedBytes": -1
        }
      },
      "sql": {
        "active": true
      },
      "impala": {
        "active": true
      },
      "spark": {
        "active": true,
        "extraConf": []
      },
      "python": {}
    },
    "displayedState": {
      "columns": [],
      "metrics": [
        "basic:COUNT_COLUMNS",
        "basic:COUNT_FILES",
        "basic:SIZE",
        "records:COUNT_RECORDS"
      ]
    }
  },
  "metricsChecks": {
    "runOnBuild": false,
    "checks": [],
    "displayedState": {
      "checks": []
    }
  },
  "customFields": {}
}