{
  "type": "HDFS",
  "managed": true,
  "formatType": "parquet",
  "checklists": {
    "checklists": []
  },
  "checks": [],
  "customMeta": {
    "kv": {}
  },
  "flowOptions": {
    "virtualizable": false,
    "rebuildBehavior": "NORMAL",
    "crossProjectBuildBehavior": "DEFAULT"
  },
  "readWriteOptions": {
    "preserveOrder": false,
    "writeBuckets": 1,
    "forceSingleOutputFile": false,
    "defaultReadOrdering": {
      "enabled": false,
      "rules": []
    }
  },
  "formatParams": {
    "parquetLowerCaseIdentifiers": false,
    "representsNullFields": false,
    "parquetCompressionMethod": "SNAPPY",
    "parquetFlavor": "HIVE",
    "parquetBlockSizeMB": 128
  },
  "partitioning": {
    "ignoreNonMatchingFile": false,
    "considerMissingRequestedPartitionsAsEmpty": false,
    "dimensions": []
  },
  "versionTag": {
    "versionNumber": 4,
    "lastModifiedBy": {
      "login": "nick"
    },
    "lastModifiedOn": 1626875104212
  },
  "creationTag": {
    "versionNumber": 0,
    "lastModifiedBy": {
      "login": "nick"
    },
    "lastModifiedOn": 1626669209697
  },
  "tags": [
    "customer segmentation"
  ],
  "params": {
    "metastoreSynchronizationEnabled": true,
    "hiveTableName": "customer_data_casa_active_prepared",
    "connection": "hdfs_managed",
    "path": "/${projectKey}/customer_data_casa_active_prepared",
    "notReadyIfEmpty": false,
    "filesSelectionRules": {
      "mode": "ALL",
      "excludeRules": [],
      "includeRules": [],
      "explicitFiles": []
    }
  },
  "schema": {
    "columns": [
      {
        "name": "gcn_number",
        "type": "string"
      },
      {
        "name": "kyc_economic_sector_desc",
        "type": "string"
      },
      {
        "name": "permanent_residence",
        "type": "string",
        "meaning": "Text"
      },
      {
        "name": "city_of_birth",
        "type": "string"
      },
      {
        "name": "generation_group",
        "type": "string"
      },
      {
        "name": "age",
        "type": "bigint"
      },
      {
        "name": "age_group",
        "type": "string"
      },
      {
        "name": "gender",
        "type": "string"
      },
      {
        "name": "marital_status_desc",
        "type": "string"
      },
      {
        "name": "nationality_cd",
        "type": "string"
      },
      {
        "name": "last_education_lvl_desc",
        "type": "string"
      },
      {
        "name": "religion_desc",
        "type": "string"
      },
      {
        "name": "cc_count",
        "type": "bigint"
      },
      {
        "name": "mortgage_count",
        "type": "bigint"
      },
      {
        "name": "pl_count",
        "type": "bigint"
      },
      {
        "name": "sa_count",
        "type": "bigint"
      },
      {
        "name": "ca_count",
        "type": "bigint"
      },
      {
        "name": "vintage_year",
        "type": "bigint"
      },
      {
        "name": "casa_cif_number_count",
        "type": "bigint"
      },
      {
        "name": "casa_acct_number_count",
        "type": "bigint"
      },
      {
        "name": "branch_owner_cd_distinct",
        "type": "bigint"
      },
      {
        "name": "acct_type_distinct",
        "type": "bigint"
      },
      {
        "name": "product_cd_distinct",
        "type": "bigint"
      },
      {
        "name": "bank_tenure",
        "type": "string"
      },
      {
        "name": "curr_bal_avg",
        "type": "double"
      },
      {
        "name": "avg_bal_last_1_month",
        "type": "double"
      },
      {
        "name": "balance_change_lastperiod_avg",
        "type": "double"
      },
      {
        "name": "days_btw_first_and_last_credit_avg",
        "type": "double"
      },
      {
        "name": "credit_trans_amt_min",
        "type": "double"
      },
      {
        "name": "credit_trans_amt_max",
        "type": "double"
      },
      {
        "name": "credit_trans_count",
        "type": "bigint"
      },
      {
        "name": "credit_trans_freq_days",
        "type": "double"
      },
      {
        "name": "debit_idr_trans_count",
        "type": "bigint"
      },
      {
        "name": "debit_idr_trans_amt_sum",
        "type": "double"
      },
      {
        "name": "debit_idr_trans_amt_avg",
        "type": "double"
      },
      {
        "name": "foreign_ccy_debit_count",
        "type": "bigint"
      },
      {
        "name": "credit_idr_trans_count",
        "type": "bigint"
      },
      {
        "name": "credit_idr_trans_amt_sum",
        "type": "double"
      },
      {
        "name": "credit_idr_trans_amt_avg",
        "type": "double"
      },
      {
        "name": "foreign_ccy_credit_count",
        "type": "bigint"
      },
      {
        "name": "debit_weekday_trans_count",
        "type": "bigint"
      },
      {
        "name": "debit_weekday_trans_amt_sum",
        "type": "double"
      },
      {
        "name": "debit_weekend_trans_count",
        "type": "bigint"
      },
      {
        "name": "debit_weekend_trans_amt_sum",
        "type": "double"
      },
      {
        "name": "credit_weekday_trans_count",
        "type": "bigint"
      },
      {
        "name": "credit_weekday_trans_amt_sum",
        "type": "double"
      },
      {
        "name": "credit_weekend_trans_count",
        "type": "bigint"
      },
      {
        "name": "credit_weekend_trans_amt_sum",
        "type": "double"
      },
      {
        "name": "days_btw_first_and_last_debit_avg",
        "type": "double"
      },
      {
        "name": "debit_trans_amt_min",
        "type": "double"
      },
      {
        "name": "debit_trans_amt_max",
        "type": "double"
      },
      {
        "name": "debit_trans_count",
        "type": "bigint"
      },
      {
        "name": "debit_trans_freq_days",
        "type": "double"
      },
      {
        "name": "td_current_cash_value_sum",
        "type": "double"
      },
      {
        "name": "td_count",
        "type": "bigint"
      }
    ],
    "userModified": true
  },
  "dkuProperties": [],
  "metrics": {
    "probes": [
      {
        "type": "basic",
        "enabled": true,
        "computeOnBuildMode": "PARTITION",
        "meta": {
          "name": "Basic data",
          "level": 0
        },
        "configuration": {}
      },
      {
        "type": "records",
        "enabled": true,
        "computeOnBuildMode": "NO",
        "meta": {
          "name": "Record count",
          "level": 0
        },
        "configuration": {}
      }
    ],
    "engineConfig": {
      "padRunsWithMetrics": false,
      "hive": {
        "active": true,
        "extraConf": []
      },
      "basic": {},
      "dss": {
        "active": true,
        "selection": {
          "useMemTable": false,
          "filter": {
            "distinct": false,
            "enabled": false
          },
          "partitionSelectionMethod": "ALL",
          "latestPartitionsN": 1,
          "ordering": {
            "enabled": false,
            "rules": []
          },
          "samplingMethod": "FULL",
          "maxRecords": -1,
          "targetRatio": 0.02,
          "withinFirstN": -1,
          "maxReadUncompressedBytes": -1
        }
      },
      "sql": {
        "active": true
      },
      "impala": {
        "active": true
      },
      "spark": {
        "active": true,
        "extraConf": []
      },
      "python": {}
    },
    "displayedState": {
      "columns": [],
      "metrics": [
        "basic:COUNT_COLUMNS",
        "basic:COUNT_FILES",
        "basic:SIZE",
        "records:COUNT_RECORDS"
      ]
    }
  },
  "metricsChecks": {
    "runOnBuild": false,
    "checks": [],
    "displayedState": {
      "checks": []
    }
  },
  "customFields": {}
}