{
  "type": "HDFS",
  "managed": true,
  "formatType": "csv",
  "checklists": {
    "checklists": []
  },
  "checks": [],
  "customMeta": {
    "kv": {}
  },
  "flowOptions": {
    "virtualizable": false,
    "rebuildBehavior": "NORMAL",
    "crossProjectBuildBehavior": "DEFAULT"
  },
  "readWriteOptions": {
    "preserveOrder": false,
    "writeBuckets": 1,
    "forceSingleOutputFile": false,
    "defaultReadOrdering": {
      "enabled": false,
      "rules": []
    }
  },
  "formatParams": {
    "style": "escape_only_no_quote",
    "charset": "utf8",
    "separator": "\t",
    "quoteChar": "\"",
    "escapeChar": "\\",
    "arrayItemSeparator": "\u0002",
    "mapKeySeparator": "\u0003",
    "dateSerializationFormat": "HIVE",
    "arrayMapFormat": "hive",
    "hiveSeparators": [
      "\u0002",
      "\u0003",
      "\u0004",
      "\u0005",
      "\u0006",
      "\u0007",
      "\b"
    ],
    "skipRowsBeforeHeader": 0,
    "parseHeaderRow": false,
    "skipRowsAfterHeader": 0,
    "probableNumberOfRecords": 0,
    "normalizeBooleans": false,
    "normalizeDoubles": true,
    "readAdditionalColumnsBehavior": "INSERT_IN_DATA_WARNING",
    "readMissingColumnsBehavior": "DISCARD_SILENT",
    "readDataTypeMismatchBehavior": "DISCARD_WARNING",
    "writeDataTypeMismatchBehavior": "DISCARD_WARNING",
    "fileReadFailureBehavior": "FAIL",
    "compress": ""
  },
  "partitioning": {
    "ignoreNonMatchingFile": false,
    "considerMissingRequestedPartitionsAsEmpty": false,
    "dimensions": []
  },
  "versionTag": {
    "versionNumber": 4,
    "lastModifiedBy": {
      "login": "ririn.abeam"
    },
    "lastModifiedOn": 1627310868284
  },
  "creationTag": {
    "versionNumber": 0,
    "lastModifiedBy": {
      "login": "nick"
    },
    "lastModifiedOn": 1627108629328
  },
  "tags": [],
  "params": {
    "metastoreSynchronizationEnabled": true,
    "hiveTableName": "drift_dataset",
    "connection": "hdfs_managed",
    "path": "/${projectKey}/drift_dataset",
    "notReadyIfEmpty": false,
    "filesSelectionRules": {
      "mode": "ALL",
      "excludeRules": [],
      "includeRules": [],
      "explicitFiles": []
    }
  },
  "schema": {
    "columns": [
      {
        "name": "timestamp",
        "type": "date"
      },
      {
        "name": "model_id",
        "type": "string"
      },
      {
        "name": "version_id",
        "type": "string"
      },
      {
        "name": "train_date",
        "type": "string"
      },
      {
        "name": "drift_model_accuracy",
        "type": "double",
        "comment": "In order to detect data drift, we train a random forest classifier (the drift model) to discriminate the new data set from the test set. If this classifier has accuracy \u003e 0.5, it implies that test data and new data can be distinguished and that you are observing data drift. You may consider retraining your model in that situation."
      },
      {
        "name": "binomial_test_p_value",
        "type": "double",
        "comment": "The hypothesis tested is that there is no drift, in which case the expected drift model accuracy is 0.5 (datasets undistinguishable). The observed accuracy might deviate from this expectation and the Binomial test evaluates whether this deviation is statistically significant, modelling the number of correct predictions as a random variable drawn from a Binomial distribution. The p-value is the probability to observe this particular accuracy (or larger) under the hypothesis of absent drift. If this probability is lower than the significance level (i.e. 5%), it’s then unlikely to be in the situation of absent drift: the hypothesis of no drift is rejected, triggering a drift detection. The significance level indicates the rate of falsely-detected drifts we are ready to accept from the test."
      },
      {
        "name": "accuracy_lower_bound",
        "type": "double",
        "comment": "Confidence interval lower bound for the accuracy of the domain classifier"
      },
      {
        "name": "accuracy_upper_bound",
        "type": "double",
        "comment": "Confidence interval upper bound for the accuracy of the domain classifier"
      },
      {
        "name": "fugacity",
        "type": "string",
        "comment": "Proportion of samples predicted (in %) in each class when scoring on both the original test and the new input dataset."
      },
      {
        "name": "fugacity_relative_change",
        "type": "string",
        "comment": "Relative change (in %) in each class with respect to the original fugacity value.\n\nFormula: 100*(new_fugacity - original_fugacity)/original_fugacity"
      },
      {
        "name": "most_drifted_features",
        "type": "string",
        "comment": "When the drift score is medium/high (above 0.1), this is the list of features that have been drifted the most, with their % of importance (max 20 features)."
      },
      {
        "name": "most_important_features_in_deployed_model",
        "type": "string",
        "comment": "When the drift score is medium/high (above 0.1), this is the list of features that have been drifted the most, with their % of importance (max 20 features)."
      },
      {
        "name": "riskiest_features",
        "type": "string",
        "comment": "If the drift score is medium/high (above 0.1), we recommend you to check those features.\nA feature is considered risky if it is both in the top 40% of the most drifted features as well as the top 40% most important features in the original model."
      }
    ],
    "userModified": false
  },
  "dkuProperties": [],
  "metrics": {
    "probes": [
      {
        "type": "basic",
        "enabled": true,
        "computeOnBuildMode": "PARTITION",
        "meta": {
          "name": "Basic data",
          "level": 0
        },
        "configuration": {}
      },
      {
        "type": "records",
        "enabled": true,
        "computeOnBuildMode": "NO",
        "meta": {
          "name": "Record count",
          "level": 0
        },
        "configuration": {}
      }
    ],
    "engineConfig": {
      "padRunsWithMetrics": false,
      "hive": {
        "active": true,
        "extraConf": []
      },
      "basic": {},
      "dss": {
        "active": true,
        "selection": {
          "useMemTable": false,
          "filter": {
            "distinct": false,
            "enabled": false
          },
          "partitionSelectionMethod": "ALL",
          "latestPartitionsN": 1,
          "ordering": {
            "enabled": false,
            "rules": []
          },
          "samplingMethod": "FULL",
          "maxRecords": -1,
          "targetRatio": 0.02,
          "withinFirstN": -1,
          "maxReadUncompressedBytes": -1
        }
      },
      "sql": {
        "active": true
      },
      "impala": {
        "active": true
      },
      "spark": {
        "active": true,
        "extraConf": []
      },
      "python": {}
    },
    "displayedState": {
      "columns": [],
      "metrics": [
        "basic:COUNT_COLUMNS",
        "basic:COUNT_FILES",
        "basic:SIZE",
        "records:COUNT_RECORDS"
      ]
    }
  },
  "metricsChecks": {
    "runOnBuild": false,
    "checks": [],
    "displayedState": {
      "checks": []
    }
  },
  "customFields": {}
}