{
  "type": "HDFS",
  "managed": false,
  "formatType": "csv",
  "checklists": {
    "checklists": []
  },
  "customMeta": {
    "kv": {}
  },
  "flowOptions": {
    "virtualizable": false,
    "rebuildBehavior": "NORMAL",
    "crossProjectBuildBehavior": "DEFAULT"
  },
  "readWriteOptions": {
    "preserveOrder": false,
    "writeBuckets": 1,
    "forceSingleOutputFile": false,
    "defaultReadOrdering": {
      "enabled": false,
      "rules": []
    }
  },
  "formatParams": {
    "style": "no_escape_no_quote",
    "charset": "utf-8",
    "separator": ",",
    "quoteChar": "\"",
    "escapeChar": "\\",
    "dateSerializationFormat": "ISO",
    "arrayMapFormat": "json",
    "hiveSeparators": [
      "\u0002",
      "\u0003",
      "\u0004",
      "\u0005",
      "\u0006",
      "\u0007",
      "\b"
    ],
    "skipRowsBeforeHeader": 0,
    "parseHeaderRow": true,
    "skipRowsAfterHeader": 0,
    "probableNumberOfRecords": 122,
    "normalizeBooleans": false,
    "normalizeDoubles": true,
    "readAdditionalColumnsBehavior": "INSERT_IN_DATA_WARNING",
    "readMissingColumnsBehavior": "DISCARD_SILENT",
    "readDataTypeMismatchBehavior": "DISCARD_WARNING",
    "writeDataTypeMismatchBehavior": "DISCARD_WARNING",
    "fileReadFailureBehavior": "FAIL",
    "compress": ""
  },
  "partitioning": {
    "ignoreNonMatchingFile": false,
    "considerMissingRequestedPartitionsAsEmpty": false,
    "dimensions": []
  },
  "versionTag": {
    "versionNumber": 1,
    "lastModifiedBy": {
      "login": "nick"
    },
    "lastModifiedOn": 1626677887349
  },
  "creationTag": {
    "versionNumber": 0,
    "lastModifiedBy": {
      "login": "nick"
    },
    "lastModifiedOn": 1626393197557
  },
  "tags": [
    "cross sell_model"
  ],
  "params": {
    "metastoreSynchronizationEnabled": false,
    "connection": "hdfs_managed",
    "path": "/BANKCUSTOMERSEGMENTATION/PALjtIma/sor_cc_acct_master.csv",
    "notReadyIfEmpty": false,
    "filesSelectionRules": {
      "mode": "ALL",
      "excludeRules": [],
      "includeRules": [],
      "explicitFiles": []
    }
  },
  "schema": {
    "columns": [
      {
        "name": "batch_date",
        "type": "string"
      },
      {
        "name": "job_id",
        "type": "string"
      },
      {
        "name": "last_modified",
        "type": "string"
      },
      {
        "name": "source_system",
        "type": "string"
      },
      {
        "name": "bi_bank_cd",
        "type": "string"
      },
      {
        "name": "acct_number",
        "type": "string"
      },
      {
        "name": "product_cd",
        "type": "string"
      },
      {
        "name": "acct_status",
        "type": "string"
      },
      {
        "name": "cif_number",
        "type": "string"
      },
      {
        "name": "cif_corp_number",
        "type": "string"
      },
      {
        "name": "stmt_cycle",
        "type": "string"
      },
      {
        "name": "branch_cd",
        "type": "string"
      },
      {
        "name": "operator_cd",
        "type": "string"
      },
      {
        "name": "charge_off_ind",
        "type": "string"
      },
      {
        "name": "stmt_billing",
        "type": "string"
      },
      {
        "name": "direct_debit_pymt",
        "type": "string"
      },
      {
        "name": "direct_debit_bank",
        "type": "string"
      },
      {
        "name": "direct_debit_acct",
        "type": "string"
      },
      {
        "name": "upgrade_product",
        "type": "string"
      },
      {
        "name": "upgrade_acct",
        "type": "string"
      },
      {
        "name": "upgrade_eff_date",
        "type": "string"
      },
      {
        "name": "referral_card_number",
        "type": "string"
      },
      {
        "name": "acct_open_date",
        "type": "string"
      },
      {
        "name": "acct_close_date",
        "type": "string"
      },
      {
        "name": "acct_write_off_date",
        "type": "string"
      },
      {
        "name": "change_rtl_int_flag",
        "type": "string"
      },
      {
        "name": "rtl_int_rate",
        "type": "string"
      },
      {
        "name": "change_cash_int_flag",
        "type": "string"
      },
      {
        "name": "cash_int_rate",
        "type": "string"
      },
      {
        "name": "acct_block_cd",
        "type": "string"
      },
      {
        "name": "acct_block_cd_date",
        "type": "string"
      },
      {
        "name": "prev_block_cd",
        "type": "string"
      },
      {
        "name": "prev_block_cd_date",
        "type": "string"
      },
      {
        "name": "prev_block_end_date",
        "type": "string"
      },
      {
        "name": "acct_last_accr_date",
        "type": "string"
      },
      {
        "name": "acct_accr_thru_date",
        "type": "string"
      },
      {
        "name": "acct_last_purchase_date",
        "type": "string"
      },
      {
        "name": "acct_last_cash_adv_date",
        "type": "string"
      },
      {
        "name": "acct_last_aged_date",
        "type": "string"
      },
      {
        "name": "acct_last_delq_date",
        "type": "string"
      },
      {
        "name": "acct_prior_delq_date",
        "type": "string"
      },
      {
        "name": "acct_last_active_date",
        "type": "string"
      },
      {
        "name": "acct_last_pymt_date",
        "type": "string"
      },
      {
        "name": "acct_last_cash_pymt_date",
        "type": "string"
      },
      {
        "name": "acct_last_rtl_pymt_date",
        "type": "string"
      },
      {
        "name": "acct_cred_lmt_date",
        "type": "string"
      },
      {
        "name": "acct_last_cred_lmt_date",
        "type": "string"
      },
      {
        "name": "acct_last_stmt_date",
        "type": "string"
      },
      {
        "name": "acct_last_prev_stmt_date",
        "type": "string"
      },
      {
        "name": "acct_pymt_due_date",
        "type": "string"
      },
      {
        "name": "acct_high_balance_date",
        "type": "string"
      },
      {
        "name": "acct_chq_pymt_last_rtn_date",
        "type": "string"
      },
      {
        "name": "acct_last_rtl_rate_date",
        "type": "string"
      },
      {
        "name": "acct_last_cash_rate_date",
        "type": "string"
      },
      {
        "name": "acct_temp_cred_lmt_eff_date",
        "type": "string"
      },
      {
        "name": "acct_temp_cred_lmt_exp_date",
        "type": "string"
      },
      {
        "name": "acct_temp_cred_lmt",
        "type": "string"
      },
      {
        "name": "sign_temp_cred_lmt",
        "type": "string"
      },
      {
        "name": "acct_perm_cred_lmt",
        "type": "string"
      },
      {
        "name": "sign_perm_cred_lmt",
        "type": "string"
      },
      {
        "name": "acct_cred_lmt",
        "type": "string"
      },
      {
        "name": "sign_cred_lmt",
        "type": "string"
      },
      {
        "name": "acct_last_cred_lmt",
        "type": "string"
      },
      {
        "name": "sign_last_cred_lmt",
        "type": "string"
      },
      {
        "name": "acct_cash_cred_lmt",
        "type": "string"
      },
      {
        "name": "sign_cash_cred_lmt",
        "type": "string"
      },
      {
        "name": "acct_high_bal",
        "type": "string"
      },
      {
        "name": "sign_high_bal",
        "type": "string"
      },
      {
        "name": "number_of_rtn_chq",
        "type": "string"
      },
      {
        "name": "number_days_in_debit",
        "type": "string"
      },
      {
        "name": "late_charge_genr_flag",
        "type": "string"
      },
      {
        "name": "noti_1st_sent",
        "type": "string"
      },
      {
        "name": "noti_2nd_sent",
        "type": "string"
      },
      {
        "name": "cycle_due",
        "type": "string"
      },
      {
        "name": "stmt_cycle_due",
        "type": "string"
      },
      {
        "name": "curr_due_date",
        "type": "string"
      },
      {
        "name": "number_cycle_aged",
        "type": "string"
      },
      {
        "name": "acct_last_update_date",
        "type": "string"
      },
      {
        "name": "file_date",
        "type": "string"
      },
      {
        "name": "bi_collect_ind",
        "type": "string"
      },
      {
        "name": "gl_code",
        "type": "string"
      },
      {
        "name": "gl_branch_cd",
        "type": "string"
      },
      {
        "name": "portfolio_category_cd",
        "type": "string"
      },
      {
        "name": "cred_rating_agency",
        "type": "string"
      },
      {
        "name": "debtor_rating",
        "type": "string"
      },
      {
        "name": "last_cred_rating_date",
        "type": "string"
      },
      {
        "name": "cred_type",
        "type": "string"
      },
      {
        "name": "nature_cred",
        "type": "string"
      },
      {
        "name": "cred_usage_type",
        "type": "string"
      },
      {
        "name": "cred_usage_orientation",
        "type": "string"
      },
      {
        "name": "ccy",
        "type": "string"
      },
      {
        "name": "cred_category",
        "type": "string"
      },
      {
        "name": "remaining_expiry_date",
        "type": "string"
      },
      {
        "name": "int_type",
        "type": "string"
      },
      {
        "name": "economic_sector",
        "type": "string"
      },
      {
        "name": "cred_object_location",
        "type": "string"
      },
      {
        "name": "reg_available_cred_lmt",
        "type": "string"
      },
      {
        "name": "collateral_type",
        "type": "string"
      },
      {
        "name": "nature_collateral",
        "type": "string"
      },
      {
        "name": "new_facility_flag",
        "type": "string"
      },
      {
        "name": "new_facility_used_flag",
        "type": "string"
      },
      {
        "name": "facility_change_date",
        "type": "string"
      },
      {
        "name": "facility_movement_cd",
        "type": "string"
      },
      {
        "name": "deffered_revenue",
        "type": "string"
      },
      {
        "name": "int_pymt_calc_method",
        "type": "string"
      },
      {
        "name": "pymt_cd",
        "type": "string"
      },
      {
        "name": "instal_freq",
        "type": "string"
      },
      {
        "name": "npl_date",
        "type": "string"
      },
      {
        "name": "restructuring_date",
        "type": "string"
      },
      {
        "name": "restructuring_cntr",
        "type": "string"
      },
      {
        "name": "restructuring_start_date",
        "type": "string"
      },
      {
        "name": "seller_cd",
        "type": "string"
      },
      {
        "name": "cred_shield_date",
        "type": "string"
      },
      {
        "name": "behaviour_score",
        "type": "string"
      },
      {
        "name": "akki_lmt",
        "type": "string"
      },
      {
        "name": "tolerance_lmt_cd",
        "type": "string"
      },
      {
        "name": "slik_govt_program",
        "type": "string"
      },
      {
        "name": "slik_restructuring_cd",
        "type": "string"
      },
      {
        "name": "slik_condition_cd",
        "type": "string"
      },
      {
        "name": "slik_arrears_date",
        "type": "string"
      },
      {
        "name": "pymt_due_date_der",
        "type": "string"
      },
      {
        "name": "acct_auth_flag",
        "type": "string"
      }
    ],
    "userModified": true
  },
  "dkuProperties": [],
  "metrics": {
    "probes": [
      {
        "type": "basic",
        "enabled": true,
        "computeOnBuildMode": "PARTITION",
        "meta": {
          "name": "Basic data",
          "level": 0
        },
        "configuration": {}
      },
      {
        "type": "records",
        "enabled": true,
        "computeOnBuildMode": "NO",
        "meta": {
          "name": "Record count",
          "level": 0
        },
        "configuration": {}
      }
    ],
    "engineConfig": {
      "padRunsWithMetrics": false,
      "hive": {
        "active": true,
        "extraConf": []
      },
      "basic": {},
      "dss": {
        "active": true,
        "selection": {
          "useMemTable": false,
          "filter": {
            "distinct": false,
            "enabled": false
          },
          "partitionSelectionMethod": "ALL",
          "latestPartitionsN": 1,
          "ordering": {
            "enabled": false,
            "rules": []
          },
          "samplingMethod": "FULL",
          "maxRecords": -1,
          "targetRatio": 0.02,
          "withinFirstN": -1,
          "maxReadUncompressedBytes": -1
        }
      },
      "sql": {
        "active": true
      },
      "impala": {
        "active": true
      },
      "spark": {
        "active": true,
        "extraConf": []
      },
      "python": {}
    },
    "displayedState": {
      "columns": [],
      "metrics": [
        "basic:COUNT_COLUMNS",
        "basic:COUNT_FILES",
        "basic:SIZE",
        "records:COUNT_RECORDS"
      ]
    }
  },
  "metricsChecks": {
    "runOnBuild": false,
    "checks": [],
    "displayedState": {
      "checks": []
    }
  },
  "customFields": {}
}