{
  "type": "HDFS",
  "managed": false,
  "formatType": "csv",
  "checklists": {
    "checklists": []
  },
  "customMeta": {
    "kv": {}
  },
  "flowOptions": {
    "virtualizable": false,
    "rebuildBehavior": "NORMAL",
    "crossProjectBuildBehavior": "DEFAULT"
  },
  "readWriteOptions": {
    "preserveOrder": false,
    "writeBuckets": 1,
    "forceSingleOutputFile": false,
    "defaultReadOrdering": {
      "enabled": false,
      "rules": []
    }
  },
  "formatParams": {
    "style": "no_escape_no_quote",
    "charset": "utf-8",
    "separator": ",",
    "quoteChar": "\"",
    "escapeChar": "\\",
    "dateSerializationFormat": "ISO",
    "arrayMapFormat": "json",
    "hiveSeparators": [
      "\u0002",
      "\u0003",
      "\u0004",
      "\u0005",
      "\u0006",
      "\u0007",
      "\b"
    ],
    "skipRowsBeforeHeader": 0,
    "parseHeaderRow": true,
    "skipRowsAfterHeader": 0,
    "probableNumberOfRecords": 27,
    "normalizeBooleans": false,
    "normalizeDoubles": true,
    "readAdditionalColumnsBehavior": "INSERT_IN_DATA_WARNING",
    "readMissingColumnsBehavior": "DISCARD_SILENT",
    "readDataTypeMismatchBehavior": "DISCARD_WARNING",
    "writeDataTypeMismatchBehavior": "DISCARD_WARNING",
    "fileReadFailureBehavior": "FAIL",
    "compress": ""
  },
  "partitioning": {
    "ignoreNonMatchingFile": false,
    "considerMissingRequestedPartitionsAsEmpty": false,
    "dimensions": []
  },
  "versionTag": {
    "versionNumber": 0,
    "lastModifiedBy": {
      "login": "nick"
    },
    "lastModifiedOn": 1626840576515
  },
  "creationTag": {
    "versionNumber": 0,
    "lastModifiedBy": {
      "login": "nick"
    },
    "lastModifiedOn": 1626840576515
  },
  "tags": [],
  "params": {
    "metastoreSynchronizationEnabled": false,
    "connection": "hdfs_managed",
    "path": "/BANKCUSTOMERSEGMENTATION/PALjtIma/sor_td_balance_latest.csv",
    "notReadyIfEmpty": false,
    "filesSelectionRules": {
      "mode": "ALL",
      "excludeRules": [],
      "includeRules": [],
      "explicitFiles": []
    }
  },
  "schema": {
    "columns": [
      {
        "name": "batch_date",
        "type": "string"
      },
      {
        "name": "job_id",
        "type": "string"
      },
      {
        "name": "last_modified",
        "type": "string"
      },
      {
        "name": "source_system",
        "type": "string"
      },
      {
        "name": "bal_date",
        "type": "string"
      },
      {
        "name": "sent_date",
        "type": "string"
      },
      {
        "name": "sent_date_julian",
        "type": "string"
      },
      {
        "name": "acct_number",
        "type": "string"
      },
      {
        "name": "curr_bal",
        "type": "string"
      },
      {
        "name": "aggr_bal",
        "type": "string"
      },
      {
        "name": "aggr_bal_accrued",
        "type": "string"
      },
      {
        "name": "aggr_days",
        "type": "string"
      },
      {
        "name": "ccy",
        "type": "string"
      },
      {
        "name": "accrued_int_amt",
        "type": "string"
      },
      {
        "name": "withdrawal_int_amt",
        "type": "string"
      },
      {
        "name": "next_pymt_date",
        "type": "string"
      },
      {
        "name": "daily_int_accr_amt",
        "type": "string"
      },
      {
        "name": "ytd_int_amt",
        "type": "string"
      },
      {
        "name": "early_redeem_penalty_amt",
        "type": "string"
      },
      {
        "name": "hold_amt",
        "type": "string"
      },
      {
        "name": "infaq_amt",
        "type": "string"
      },
      {
        "name": "accum_bal",
        "type": "string"
      },
      {
        "name": "avg_bal",
        "type": "string"
      },
      {
        "name": "nisbah_amt_1_lcy",
        "type": "string"
      },
      {
        "name": "nisbah_amt_1_bcy",
        "type": "string"
      },
      {
        "name": "nisbah_amt_2_lcy",
        "type": "string"
      },
      {
        "name": "nisbah_amt_2_bcy",
        "type": "string"
      }
    ],
    "userModified": true
  },
  "dkuProperties": [],
  "metrics": {
    "probes": [
      {
        "type": "basic",
        "enabled": true,
        "computeOnBuildMode": "PARTITION",
        "meta": {
          "name": "Basic data",
          "level": 0
        },
        "configuration": {}
      },
      {
        "type": "records",
        "enabled": true,
        "computeOnBuildMode": "NO",
        "meta": {
          "name": "Record count",
          "level": 0
        },
        "configuration": {}
      }
    ],
    "engineConfig": {
      "padRunsWithMetrics": false,
      "hive": {
        "active": true,
        "extraConf": []
      },
      "basic": {},
      "dss": {
        "active": true,
        "selection": {
          "useMemTable": false,
          "filter": {
            "distinct": false,
            "enabled": false
          },
          "partitionSelectionMethod": "ALL",
          "latestPartitionsN": 1,
          "ordering": {
            "enabled": false,
            "rules": []
          },
          "samplingMethod": "FULL",
          "maxRecords": -1,
          "targetRatio": 0.02,
          "withinFirstN": -1,
          "maxReadUncompressedBytes": -1
        }
      },
      "sql": {
        "active": true
      },
      "impala": {
        "active": true
      },
      "spark": {
        "active": true,
        "extraConf": []
      },
      "python": {}
    },
    "displayedState": {
      "columns": [],
      "metrics": [
        "basic:COUNT_COLUMNS",
        "basic:COUNT_FILES",
        "basic:SIZE",
        "records:COUNT_RECORDS"
      ]
    }
  },
  "metricsChecks": {
    "runOnBuild": false,
    "checks": [],
    "displayedState": {
      "checks": []
    }
  },
  "customFields": {}
}