{
  "type": "HDFS",
  "managed": false,
  "formatType": "csv",
  "checklists": {
    "checklists": []
  },
  "customMeta": {
    "kv": {}
  },
  "flowOptions": {
    "virtualizable": false,
    "rebuildBehavior": "NORMAL",
    "crossProjectBuildBehavior": "DEFAULT"
  },
  "readWriteOptions": {
    "preserveOrder": false,
    "writeBuckets": 1,
    "forceSingleOutputFile": false,
    "defaultReadOrdering": {
      "enabled": false,
      "rules": []
    }
  },
  "formatParams": {
    "style": "no_escape_no_quote",
    "charset": "utf-8",
    "separator": ",",
    "quoteChar": "\"",
    "escapeChar": "\\",
    "dateSerializationFormat": "ISO",
    "arrayMapFormat": "json",
    "hiveSeparators": [
      "\u0002",
      "\u0003",
      "\u0004",
      "\u0005",
      "\u0006",
      "\u0007",
      "\b"
    ],
    "skipRowsBeforeHeader": 0,
    "parseHeaderRow": true,
    "skipRowsAfterHeader": 0,
    "probableNumberOfRecords": 323,
    "normalizeBooleans": false,
    "normalizeDoubles": true,
    "readAdditionalColumnsBehavior": "INSERT_IN_DATA_WARNING",
    "readMissingColumnsBehavior": "DISCARD_SILENT",
    "readDataTypeMismatchBehavior": "DISCARD_WARNING",
    "writeDataTypeMismatchBehavior": "DISCARD_WARNING",
    "fileReadFailureBehavior": "FAIL",
    "compress": ""
  },
  "partitioning": {
    "ignoreNonMatchingFile": false,
    "considerMissingRequestedPartitionsAsEmpty": false,
    "dimensions": []
  },
  "versionTag": {
    "versionNumber": 0,
    "lastModifiedBy": {
      "login": "nick"
    },
    "lastModifiedOn": 1626343657710
  },
  "creationTag": {
    "versionNumber": 0,
    "lastModifiedBy": {
      "login": "nick"
    },
    "lastModifiedOn": 1626343657710
  },
  "tags": [],
  "params": {
    "metastoreSynchronizationEnabled": false,
    "connection": "hdfs_managed",
    "path": "/BANKCUSTOMERSEGMENTATION/PALjtIma/sor_loan_acct_master.csv",
    "notReadyIfEmpty": false,
    "filesSelectionRules": {
      "mode": "ALL",
      "excludeRules": [],
      "includeRules": [],
      "explicitFiles": []
    }
  },
  "schema": {
    "columns": [
      {
        "name": "batch_date",
        "type": "string"
      },
      {
        "name": "job_id",
        "type": "string"
      },
      {
        "name": "last_modified",
        "type": "string"
      },
      {
        "name": "source_system",
        "type": "string"
      },
      {
        "name": "loan_syariah_flag",
        "type": "string"
      },
      {
        "name": "sent_date",
        "type": "string"
      },
      {
        "name": "acct_status",
        "type": "string"
      },
      {
        "name": "branch_cd",
        "type": "string"
      },
      {
        "name": "agent_cd",
        "type": "string"
      },
      {
        "name": "dealer_cd",
        "type": "string"
      },
      {
        "name": "cif_number",
        "type": "string"
      },
      {
        "name": "acct_number",
        "type": "string"
      },
      {
        "name": "db_acct_number",
        "type": "string"
      },
      {
        "name": "cred_acct_number",
        "type": "string"
      },
      {
        "name": "fac_cd",
        "type": "string"
      },
      {
        "name": "fac_number",
        "type": "string"
      },
      {
        "name": "loan_type",
        "type": "string"
      },
      {
        "name": "ccy",
        "type": "string"
      },
      {
        "name": "gl_cd",
        "type": "string"
      },
      {
        "name": "ao_cd",
        "type": "string"
      },
      {
        "name": "purpose_type",
        "type": "string"
      },
      {
        "name": "curr_collect_cd",
        "type": "string"
      },
      {
        "name": "prev_collect_cd",
        "type": "string"
      },
      {
        "name": "collect_change_date",
        "type": "string"
      },
      {
        "name": "booking_id",
        "type": "string"
      },
      {
        "name": "booking_fac_number",
        "type": "string"
      },
      {
        "name": "calculate_int_type",
        "type": "string"
      },
      {
        "name": "acct_open_date",
        "type": "string"
      },
      {
        "name": "acct_close_date",
        "type": "string"
      },
      {
        "name": "break_ld_date",
        "type": "string"
      },
      {
        "name": "loan_start_date",
        "type": "string"
      },
      {
        "name": "loan_due_date",
        "type": "string"
      },
      {
        "name": "pymt_cd_gp",
        "type": "string"
      },
      {
        "name": "new_int_date",
        "type": "string"
      },
      {
        "name": "int_rate",
        "type": "string"
      },
      {
        "name": "commit_pymt",
        "type": "string"
      },
      {
        "name": "principal_arrears_freq",
        "type": "string"
      },
      {
        "name": "int_arrears_freq",
        "type": "string"
      },
      {
        "name": "tenor",
        "type": "string"
      },
      {
        "name": "instal_flag",
        "type": "string"
      },
      {
        "name": "fd_rate_flag",
        "type": "string"
      },
      {
        "name": "initial_lmt_amt",
        "type": "string"
      },
      {
        "name": "int_type_cd",
        "type": "string"
      },
      {
        "name": "repricing_term_cd",
        "type": "string"
      },
      {
        "name": "collect_5_change_date",
        "type": "string"
      },
      {
        "name": "original_arrears_date",
        "type": "string"
      },
      {
        "name": "alternate_ao_cd",
        "type": "string"
      },
      {
        "name": "effective_date",
        "type": "string"
      },
      {
        "name": "year_base",
        "type": "string"
      },
      {
        "name": "pymt_cd",
        "type": "string"
      },
      {
        "name": "principal_pymt_freq",
        "type": "string"
      },
      {
        "name": "int_pymt_freq",
        "type": "string"
      },
      {
        "name": "npl_status",
        "type": "string"
      },
      {
        "name": "disb_other_bank_flag",
        "type": "string"
      },
      {
        "name": "first_release_date",
        "type": "string"
      },
      {
        "name": "prime_rate_number",
        "type": "string"
      },
      {
        "name": "prev_tenor",
        "type": "string"
      },
      {
        "name": "curr_tenor",
        "type": "string"
      },
      {
        "name": "tenor_cd",
        "type": "string"
      },
      {
        "name": "loan_type_desc",
        "type": "string"
      },
      {
        "name": "seq_number",
        "type": "string"
      },
      {
        "name": "marketing_channel_cd",
        "type": "string"
      },
      {
        "name": "gl_cd_air",
        "type": "string"
      },
      {
        "name": "gl_cd_iis",
        "type": "string"
      },
      {
        "name": "gl_cd_ipw",
        "type": "string"
      },
      {
        "name": "impairment_flag",
        "type": "string"
      },
      {
        "name": "condition_cd",
        "type": "string"
      },
      {
        "name": "bank_cd",
        "type": "string"
      },
      {
        "name": "reporting_branch_cd",
        "type": "string"
      },
      {
        "name": "acct_type",
        "type": "string"
      },
      {
        "name": "application_number",
        "type": "string"
      },
      {
        "name": "fac_seq_number",
        "type": "string"
      },
      {
        "name": "cif_number_iloan",
        "type": "string"
      },
      {
        "name": "alternate_address_cd",
        "type": "string"
      },
      {
        "name": "alternate_name_cd",
        "type": "string"
      },
      {
        "name": "prev_acct_status",
        "type": "string"
      },
      {
        "name": "teller_special_status",
        "type": "string"
      },
      {
        "name": "acct_group_number",
        "type": "string"
      },
      {
        "name": "class_cd",
        "type": "string"
      },
      {
        "name": "group_cd",
        "type": "string"
      },
      {
        "name": "loan_group",
        "type": "string"
      },
      {
        "name": "call_report_cd",
        "type": "string"
      },
      {
        "name": "currency_decimals",
        "type": "string"
      },
      {
        "name": "cost_center",
        "type": "string"
      },
      {
        "name": "product_cd",
        "type": "string"
      },
      {
        "name": "appraisal_value",
        "type": "string"
      },
      {
        "name": "int_rebate_year_end",
        "type": "string"
      },
      {
        "name": "withdrawing_lmt",
        "type": "string"
      },
      {
        "name": "purchase_bank_cd",
        "type": "string"
      },
      {
        "name": "purchase_contract_number",
        "type": "string"
      },
      {
        "name": "purchase_value",
        "type": "string"
      },
      {
        "name": "collat_instal_exp_date",
        "type": "string"
      },
      {
        "name": "legal_filling_exp_date",
        "type": "string"
      },
      {
        "name": "first_pymt_date",
        "type": "string"
      },
      {
        "name": "extended_maturity_date",
        "type": "string"
      },
      {
        "name": "last_maint_date",
        "type": "string"
      },
      {
        "name": "initial_maturity_date",
        "type": "string"
      },
      {
        "name": "prime_review_date",
        "type": "string"
      },
      {
        "name": "non_accr_change_date",
        "type": "string"
      },
      {
        "name": "watch_list_date",
        "type": "string"
      },
      {
        "name": "last_cheque_return_date",
        "type": "string"
      },
      {
        "name": "full_release_date",
        "type": "string"
      },
      {
        "name": "refund_date",
        "type": "string"
      },
      {
        "name": "npl_date",
        "type": "string"
      },
      {
        "name": "judgement_date",
        "type": "string"
      },
      {
        "name": "initial_loan_date_jul",
        "type": "string"
      },
      {
        "name": "acct_open_date_jul",
        "type": "string"
      },
      {
        "name": "collat_instal_exp_date_jul",
        "type": "string"
      },
      {
        "name": "legal_filling_exp_date_jul",
        "type": "string"
      },
      {
        "name": "first_pymt_date_jul",
        "type": "string"
      },
      {
        "name": "pymt_good_thru_date_jul",
        "type": "string"
      },
      {
        "name": "initial_maturity_date_jul",
        "type": "string"
      },
      {
        "name": "non_accr_date_jul",
        "type": "string"
      },
      {
        "name": "watch_list_date_jul",
        "type": "string"
      },
      {
        "name": "last_cheque_return_date_jul",
        "type": "string"
      },
      {
        "name": "first_release_date_jul",
        "type": "string"
      },
      {
        "name": "full_release_date_jul",
        "type": "string"
      },
      {
        "name": "refund_date_jul",
        "type": "string"
      },
      {
        "name": "npl_date_jul",
        "type": "string"
      },
      {
        "name": "dealer_rate",
        "type": "string"
      },
      {
        "name": "maturity_rate",
        "type": "string"
      },
      {
        "name": "prime_variance",
        "type": "string"
      },
      {
        "name": "prime_variance_cd",
        "type": "string"
      },
      {
        "name": "prime_rate_floor",
        "type": "string"
      },
      {
        "name": "prime_rate_ceiling",
        "type": "string"
      },
      {
        "name": "prime_repricing_term",
        "type": "string"
      },
      {
        "name": "bank_disc_rate",
        "type": "string"
      },
      {
        "name": "commit_rate",
        "type": "string"
      },
      {
        "name": "commit_rate_number",
        "type": "string"
      },
      {
        "name": "effective_rate",
        "type": "string"
      },
      {
        "name": "pymt_freq_cd",
        "type": "string"
      },
      {
        "name": "int_pymt_freq_cd",
        "type": "string"
      },
      {
        "name": "int_base_cd",
        "type": "string"
      },
      {
        "name": "alternate_pymt_schedule_flag",
        "type": "string"
      },
      {
        "name": "reamortize_pymt_amt_flag",
        "type": "string"
      },
      {
        "name": "auto_extend_maturity_flag",
        "type": "string"
      },
      {
        "name": "auto_set_maturity_flag",
        "type": "string"
      },
      {
        "name": "first_instal_date_cd",
        "type": "string"
      },
      {
        "name": "auto_update_pymt_cd",
        "type": "string"
      },
      {
        "name": "default_pymt_cd",
        "type": "string"
      },
      {
        "name": "bank_disc_grace_period",
        "type": "string"
      },
      {
        "name": "participation_cd",
        "type": "string"
      },
      {
        "name": "cred_line_cd",
        "type": "string"
      },
      {
        "name": "department_cd",
        "type": "string"
      },
      {
        "name": "collateral_cd",
        "type": "string"
      },
      {
        "name": "collateral_type",
        "type": "string"
      },
      {
        "name": "si_cd",
        "type": "string"
      },
      {
        "name": "territory_cd",
        "type": "string"
      },
      {
        "name": "dealer_group",
        "type": "string"
      },
      {
        "name": "hold_mail_cd",
        "type": "string"
      },
      {
        "name": "include_cd",
        "type": "string"
      },
      {
        "name": "student_loan_cd",
        "type": "string"
      },
      {
        "name": "standard_industry_cd",
        "type": "string"
      },
      {
        "name": "print_billing_notice_flag",
        "type": "string"
      },
      {
        "name": "title_flag",
        "type": "string"
      },
      {
        "name": "past_due_notice_cd",
        "type": "string"
      },
      {
        "name": "past_due_history_flag",
        "type": "string"
      },
      {
        "name": "past_due_send_notice_flag",
        "type": "string"
      },
      {
        "name": "late_charge_type",
        "type": "string"
      },
      {
        "name": "classification_type",
        "type": "string"
      },
      {
        "name": "cred_rating_cd",
        "type": "string"
      },
      {
        "name": "state_cd",
        "type": "string"
      },
      {
        "name": "county_cd",
        "type": "string"
      },
      {
        "name": "special_message_flag",
        "type": "string"
      },
      {
        "name": "renewed_extended_mth_flag",
        "type": "string"
      },
      {
        "name": "escrow_mortgage_info",
        "type": "string"
      },
      {
        "name": "close_zero_bal_flag",
        "type": "string"
      },
      {
        "name": "cl_insurance_company_number",
        "type": "string"
      },
      {
        "name": "ah_insurance_company_number",
        "type": "string"
      },
      {
        "name": "misc_insurance_company_number",
        "type": "string"
      },
      {
        "name": "coupon_book_flag",
        "type": "string"
      },
      {
        "name": "coupon_book_term",
        "type": "string"
      },
      {
        "name": "investor_number",
        "type": "string"
      },
      {
        "name": "participation_pct",
        "type": "string"
      },
      {
        "name": "charge_off_acct_number",
        "type": "string"
      },
      {
        "name": "cred_line_acct_num",
        "type": "string"
      },
      {
        "name": "related_acct_num",
        "type": "string"
      },
      {
        "name": "consumer_loan_cd",
        "type": "string"
      },
      {
        "name": "stmt_delivery_cd",
        "type": "string"
      },
      {
        "name": "watch_list_cd",
        "type": "string"
      },
      {
        "name": "prepayment_penalty_cd",
        "type": "string"
      },
      {
        "name": "loan_scheme_cd",
        "type": "string"
      },
      {
        "name": "small_scale_cd",
        "type": "string"
      },
      {
        "name": "future_int_billing_flag",
        "type": "string"
      },
      {
        "name": "trf_secondary_accr_flag",
        "type": "string"
      },
      {
        "name": "trf_secondary_accr_pct",
        "type": "string"
      },
      {
        "name": "user_resch_roll_rebate_flag",
        "type": "string"
      },
      {
        "name": "npl_flag",
        "type": "string"
      },
      {
        "name": "yesterday_npl_status",
        "type": "string"
      },
      {
        "name": "release_cd",
        "type": "string"
      },
      {
        "name": "reminder_flag",
        "type": "string"
      },
      {
        "name": "revolving_flag",
        "type": "string"
      },
      {
        "name": "borrower_cd",
        "type": "string"
      },
      {
        "name": "guarantee_number",
        "type": "string"
      },
      {
        "name": "guarantee_cover",
        "type": "string"
      },
      {
        "name": "loan_provision",
        "type": "string"
      },
      {
        "name": "cash_bonus",
        "type": "string"
      },
      {
        "name": "drawndown_schedule_flag",
        "type": "string"
      },
      {
        "name": "subsidized_flag",
        "type": "string"
      },
      {
        "name": "status_date",
        "type": "string"
      },
      {
        "name": "status_date_jul",
        "type": "string"
      },
      {
        "name": "resch_roll_rebate_date",
        "type": "string"
      },
      {
        "name": "resch_roll_rebate_date_jul",
        "type": "string"
      },
      {
        "name": "start_grace_date",
        "type": "string"
      },
      {
        "name": "start_grace_date_jul",
        "type": "string"
      },
      {
        "name": "ending_grace_date",
        "type": "string"
      },
      {
        "name": "ending_grace_date_jul",
        "type": "string"
      },
      {
        "name": "variation_npl_status",
        "type": "string"
      },
      {
        "name": "prev_npl_status_date",
        "type": "string"
      },
      {
        "name": "prev_npl_status_date_jul",
        "type": "string"
      },
      {
        "name": "alternate_rate",
        "type": "string"
      },
      {
        "name": "stmt_cycle",
        "type": "string"
      },
      {
        "name": "stmt_cd",
        "type": "string"
      },
      {
        "name": "int_start_date",
        "type": "string"
      },
      {
        "name": "int_start_date_jul",
        "type": "string"
      },
      {
        "name": "npl_allocate_int_first_flag",
        "type": "string"
      },
      {
        "name": "rollover_method",
        "type": "string"
      },
      {
        "name": "upd_mat_date_rate_charge_flag",
        "type": "string"
      },
      {
        "name": "application_type",
        "type": "string"
      },
      {
        "name": "auto_set_nipdt_code",
        "type": "string"
      },
      {
        "name": "min_usage_lmt",
        "type": "string"
      },
      {
        "name": "pct_min_usage_lmt",
        "type": "string"
      },
      {
        "name": "late_charge_rate",
        "type": "string"
      },
      {
        "name": "late_charge_grace_period",
        "type": "string"
      },
      {
        "name": "com_fee_accr_year_base",
        "type": "string"
      },
      {
        "name": "number_adv_instal_due",
        "type": "string"
      },
      {
        "name": "pymt_cd_change_lmt_amt",
        "type": "string"
      },
      {
        "name": "car_cd",
        "type": "string"
      },
      {
        "name": "int_free_amt",
        "type": "string"
      },
      {
        "name": "int_free_pmt_portion",
        "type": "string"
      },
      {
        "name": "first_pymt_date_flag",
        "type": "string"
      },
      {
        "name": "reamortize_upon_disburse_flag",
        "type": "string"
      },
      {
        "name": "reamortize_rate_change_opt",
        "type": "string"
      },
      {
        "name": "reamortize_cap_rep_opt",
        "type": "string"
      },
      {
        "name": "reamortize_disburse_opt",
        "type": "string"
      },
      {
        "name": "rate_duration",
        "type": "string"
      },
      {
        "name": "elig_int_inlieu_notice",
        "type": "string"
      },
      {
        "name": "partial_prepymt_notice_term",
        "type": "string"
      },
      {
        "name": "partial_prepymt_notice_term_cd",
        "type": "string"
      },
      {
        "name": "early_settlement_notc_term",
        "type": "string"
      },
      {
        "name": "early_settlement_notc_term_cd",
        "type": "string"
      },
      {
        "name": "elig_prepymt_fee_flag",
        "type": "string"
      },
      {
        "name": "grace_period_mth",
        "type": "string"
      },
      {
        "name": "prepymt_fee_flat_amt",
        "type": "string"
      },
      {
        "name": "fee_pct_amt_prepaid",
        "type": "string"
      },
      {
        "name": "fee_pct_loan_amt",
        "type": "string"
      },
      {
        "name": "fee_pct_before_exp_period",
        "type": "string"
      },
      {
        "name": "cancel_fee_early_settlement",
        "type": "string"
      },
      {
        "name": "district_court",
        "type": "string"
      },
      {
        "name": "district_court_date",
        "type": "string"
      },
      {
        "name": "district_court_date_jul",
        "type": "string"
      },
      {
        "name": "bupln_location",
        "type": "string"
      },
      {
        "name": "bupln_date",
        "type": "string"
      },
      {
        "name": "bupln_date_jul",
        "type": "string"
      },
      {
        "name": "last_change_user",
        "type": "string"
      },
      {
        "name": "last_change_date",
        "type": "string"
      },
      {
        "name": "last_change_date_jul",
        "type": "string"
      },
      {
        "name": "last_change_time",
        "type": "string"
      },
      {
        "name": "mortgage_developer_id",
        "type": "string"
      },
      {
        "name": "collect_priority_split_cd",
        "type": "string"
      },
      {
        "name": "today_trans_flag",
        "type": "string"
      },
      {
        "name": "commit_lmt",
        "type": "string"
      },
      {
        "name": "commit_prepymt_date",
        "type": "string"
      },
      {
        "name": "commit_prepymt_date_jul",
        "type": "string"
      },
      {
        "name": "commit_settlement_date",
        "type": "string"
      },
      {
        "name": "commit_settlement_date_jul",
        "type": "string"
      },
      {
        "name": "commence_prepayment_ind",
        "type": "string"
      },
      {
        "name": "commence_early_settlement_ind",
        "type": "string"
      },
      {
        "name": "rebilling_ind",
        "type": "string"
      },
      {
        "name": "loan_coll_ratio",
        "type": "string"
      },
      {
        "name": "initial_pymt_amt",
        "type": "string"
      },
      {
        "name": "initial_pymt_freq",
        "type": "string"
      },
      {
        "name": "classification_date",
        "type": "string"
      },
      {
        "name": "classification_date_jul",
        "type": "string"
      },
      {
        "name": "prev_clasified_acct_cd",
        "type": "string"
      },
      {
        "name": "prev_classification_date",
        "type": "string"
      },
      {
        "name": "prev_classification_date_jul",
        "type": "string"
      },
      {
        "name": "last_release_date",
        "type": "string"
      },
      {
        "name": "last_release_date_jul",
        "type": "string"
      },
      {
        "name": "bank_prov_pct",
        "type": "string"
      },
      {
        "name": "min_pct_ppap",
        "type": "string"
      },
      {
        "name": "source_of_fund",
        "type": "string"
      },
      {
        "name": "waiver_status",
        "type": "string"
      },
      {
        "name": "compound_int",
        "type": "string"
      },
      {
        "name": "transfer_pricing_rate_pct",
        "type": "string"
      },
      {
        "name": "spread_int_rate",
        "type": "string"
      },
      {
        "name": "base_int_rate",
        "type": "string"
      },
      {
        "name": "tenor_repricing",
        "type": "string"
      },
      {
        "name": "pct_imb_initial_contract",
        "type": "string"
      },
      {
        "name": "pct_imb_mthly_report",
        "type": "string"
      },
      {
        "name": "pct_rbh_pbh",
        "type": "string"
      },
      {
        "name": "initial_plafond",
        "type": "string"
      },
      {
        "name": "contract_amt",
        "type": "string"
      },
      {
        "name": "depresiation_period",
        "type": "string"
      },
      {
        "name": "psak_pymt_freq",
        "type": "string"
      },
      {
        "name": "lmt_digit",
        "type": "string"
      },
      {
        "name": "nature_loan",
        "type": "string"
      },
      {
        "name": "usage_type",
        "type": "string"
      },
      {
        "name": "repricing_date",
        "type": "string"
      },
      {
        "name": "mortgage_developer_name",
        "type": "string"
      },
      {
        "name": "repricing_start_date",
        "type": "string"
      },
      {
        "name": "customer_type",
        "type": "string"
      },
      {
        "name": "processing_type",
        "type": "string"
      },
      {
        "name": "gl_cd_min_pymt_withold",
        "type": "string"
      },
      {
        "name": "gl_cd_deferred_margin",
        "type": "string"
      },
      {
        "name": "gl_cd_past_due_principal",
        "type": "string"
      },
      {
        "name": "gl_cd_past_due_margin",
        "type": "string"
      },
      {
        "name": "gl_cd_accr_margin",
        "type": "string"
      },
      {
        "name": "gl_cd_depreciation_ijarah",
        "type": "string"
      },
      {
        "name": "gl_cd_margin_pymt",
        "type": "string"
      },
      {
        "name": "gl_cd_principal_pymt",
        "type": "string"
      },
      {
        "name": "tenor_repricing_flag",
        "type": "string"
      },
      {
        "name": "woa_date",
        "type": "string"
      },
      {
        "name": "akad_type",
        "type": "string"
      },
      {
        "name": "nature_investment",
        "type": "string"
      },
      {
        "name": "profit_sharing_method",
        "type": "string"
      },
      {
        "name": "asset_type",
        "type": "string"
      },
      {
        "name": "asset_depreciation_method",
        "type": "string"
      },
      {
        "name": "rent_depreciation_method",
        "type": "string"
      },
      {
        "name": "govt_cred_program",
        "type": "string"
      },
      {
        "name": "restructure_cd",
        "type": "string"
      },
      {
        "name": "psak_pymt_cd",
        "type": "string"
      },
      {
        "name": "psak_grace_period",
        "type": "string"
      }
    ],
    "userModified": true
  },
  "dkuProperties": [],
  "metrics": {
    "probes": [
      {
        "type": "basic",
        "enabled": true,
        "computeOnBuildMode": "PARTITION",
        "meta": {
          "name": "Basic data",
          "level": 0
        },
        "configuration": {}
      },
      {
        "type": "records",
        "enabled": true,
        "computeOnBuildMode": "NO",
        "meta": {
          "name": "Record count",
          "level": 0
        },
        "configuration": {}
      }
    ],
    "engineConfig": {
      "padRunsWithMetrics": false,
      "hive": {
        "active": true,
        "extraConf": []
      },
      "basic": {},
      "dss": {
        "active": true,
        "selection": {
          "useMemTable": false,
          "filter": {
            "distinct": false,
            "enabled": false
          },
          "partitionSelectionMethod": "ALL",
          "latestPartitionsN": 1,
          "ordering": {
            "enabled": false,
            "rules": []
          },
          "samplingMethod": "FULL",
          "maxRecords": -1,
          "targetRatio": 0.02,
          "withinFirstN": -1,
          "maxReadUncompressedBytes": -1
        }
      },
      "sql": {
        "active": true
      },
      "impala": {
        "active": true
      },
      "spark": {
        "active": true,
        "extraConf": []
      },
      "python": {}
    },
    "displayedState": {
      "columns": [],
      "metrics": [
        "basic:COUNT_COLUMNS",
        "basic:COUNT_FILES",
        "basic:SIZE",
        "records:COUNT_RECORDS"
      ]
    }
  },
  "metricsChecks": {
    "runOnBuild": false,
    "checks": [],
    "displayedState": {
      "checks": []
    }
  },
  "customFields": {}
}