{
  "type": "HDFS",
  "managed": true,
  "formatType": "parquet",
  "checklists": {
    "checklists": []
  },
  "checks": [],
  "customMeta": {
    "kv": {}
  },
  "flowOptions": {
    "virtualizable": false,
    "rebuildBehavior": "NORMAL",
    "crossProjectBuildBehavior": "DEFAULT"
  },
  "readWriteOptions": {
    "preserveOrder": false,
    "writeBuckets": 1,
    "forceSingleOutputFile": false,
    "defaultReadOrdering": {
      "enabled": false,
      "rules": []
    }
  },
  "formatParams": {
    "parquetLowerCaseIdentifiers": false,
    "representsNullFields": false,
    "parquetCompressionMethod": "SNAPPY",
    "parquetFlavor": "HIVE",
    "parquetBlockSizeMB": 128
  },
  "partitioning": {
    "ignoreNonMatchingFile": false,
    "considerMissingRequestedPartitionsAsEmpty": false,
    "dimensions": []
  },
  "versionTag": {
    "versionNumber": 2,
    "lastModifiedBy": {
      "login": "nick"
    },
    "lastModifiedOn": 1626873196568
  },
  "creationTag": {
    "versionNumber": 0,
    "lastModifiedBy": {
      "login": "nick"
    },
    "lastModifiedOn": 1626867221077
  },
  "tags": [],
  "params": {
    "metastoreSynchronizationEnabled": true,
    "hiveTableName": "sor_casa_master_join",
    "connection": "hdfs_managed",
    "path": "/${projectKey}/sor_casa_master_join",
    "notReadyIfEmpty": false,
    "filesSelectionRules": {
      "mode": "ALL",
      "excludeRules": [],
      "includeRules": [],
      "explicitFiles": []
    }
  },
  "schema": {
    "columns": [
      {
        "name": "acct_status",
        "type": "bigint"
      },
      {
        "name": "branch_owner_cd",
        "type": "bigint"
      },
      {
        "name": "acct_type",
        "type": "string"
      },
      {
        "name": "product_cd",
        "type": "string"
      },
      {
        "name": "ccy",
        "type": "string"
      },
      {
        "name": "cif_number",
        "type": "string"
      },
      {
        "name": "acct_number",
        "type": "string"
      },
      {
        "name": "int_rate",
        "type": "double"
      },
      {
        "name": "acct_open_date",
        "type": "string"
      },
      {
        "name": "acct_last_active_date",
        "type": "string"
      },
      {
        "name": "curr_bal_avg",
        "type": "double"
      },
      {
        "name": "avg_bal_last_1_month_avg",
        "type": "double"
      },
      {
        "name": "trans_amt_count",
        "type": "bigint"
      },
      {
        "name": "trans_amt_sum",
        "type": "double"
      },
      {
        "name": "days_btw_first_and_last_credit",
        "type": "double"
      },
      {
        "name": "days_since_last_credit_min",
        "type": "bigint"
      },
      {
        "name": "credit_trans_amt_min",
        "type": "double"
      },
      {
        "name": "credit_trans_amt_max",
        "type": "double"
      },
      {
        "name": "credit_trans_amt_count",
        "type": "bigint"
      },
      {
        "name": "debit_idr_trans_amt_count",
        "type": "bigint"
      },
      {
        "name": "debit_idr_trans_amt_sum",
        "type": "double"
      },
      {
        "name": "foreign_ccy_debit_count",
        "type": "bigint"
      },
      {
        "name": "credit_idr_trans_amt_count",
        "type": "bigint"
      },
      {
        "name": "credit_idr_trans_amt_sum",
        "type": "double"
      },
      {
        "name": "foreign_ccy_credit_count",
        "type": "bigint"
      },
      {
        "name": "debit_weekday_trans_amt_count",
        "type": "bigint"
      },
      {
        "name": "debit_weekday_trans_amt_sum",
        "type": "double"
      },
      {
        "name": "debit_weekend_trans_amt_count",
        "type": "bigint"
      },
      {
        "name": "debit_weekend_trans_amt_sum",
        "type": "double"
      },
      {
        "name": "credit_weekday_trans_amt_count",
        "type": "bigint"
      },
      {
        "name": "credit_weekday_trans_amt_sum",
        "type": "double"
      },
      {
        "name": "credit_weekend_trans_amt_count",
        "type": "bigint"
      },
      {
        "name": "credit_weekend_trans_amt_sum",
        "type": "double"
      },
      {
        "name": "days_btw_first_and_last_debit",
        "type": "double"
      },
      {
        "name": "days_since_last_debit_min",
        "type": "bigint"
      },
      {
        "name": "debit_trans_amt_min",
        "type": "double"
      },
      {
        "name": "debit_trans_amt_max",
        "type": "double"
      },
      {
        "name": "debit_trans_amt_count",
        "type": "bigint"
      }
    ],
    "userModified": true
  },
  "dkuProperties": [],
  "metrics": {
    "probes": [
      {
        "type": "basic",
        "enabled": true,
        "computeOnBuildMode": "PARTITION",
        "meta": {
          "name": "Basic data",
          "level": 0
        },
        "configuration": {}
      },
      {
        "type": "records",
        "enabled": true,
        "computeOnBuildMode": "NO",
        "meta": {
          "name": "Record count",
          "level": 0
        },
        "configuration": {}
      }
    ],
    "engineConfig": {
      "padRunsWithMetrics": false,
      "hive": {
        "active": true,
        "extraConf": []
      },
      "basic": {},
      "dss": {
        "active": true,
        "selection": {
          "useMemTable": false,
          "filter": {
            "distinct": false,
            "enabled": false
          },
          "partitionSelectionMethod": "ALL",
          "latestPartitionsN": 1,
          "ordering": {
            "enabled": false,
            "rules": []
          },
          "samplingMethod": "FULL",
          "maxRecords": -1,
          "targetRatio": 0.02,
          "withinFirstN": -1,
          "maxReadUncompressedBytes": -1
        }
      },
      "sql": {
        "active": true
      },
      "impala": {
        "active": true
      },
      "spark": {
        "active": true,
        "extraConf": []
      },
      "python": {}
    },
    "displayedState": {
      "columns": [],
      "metrics": [
        "basic:COUNT_COLUMNS",
        "basic:COUNT_FILES",
        "basic:SIZE",
        "records:COUNT_RECORDS"
      ]
    }
  },
  "metricsChecks": {
    "runOnBuild": false,
    "checks": [],
    "displayedState": {
      "checks": []
    }
  },
  "customFields": {}
}