{
  "type": "HDFS",
  "managed": true,
  "formatType": "parquet",
  "checklists": {
    "checklists": []
  },
  "checks": [],
  "customMeta": {
    "kv": {}
  },
  "flowOptions": {
    "virtualizable": false,
    "rebuildBehavior": "NORMAL",
    "crossProjectBuildBehavior": "DEFAULT"
  },
  "readWriteOptions": {
    "preserveOrder": false,
    "writeBuckets": 1,
    "forceSingleOutputFile": false,
    "defaultReadOrdering": {
      "enabled": false,
      "rules": []
    }
  },
  "formatParams": {
    "parquetLowerCaseIdentifiers": false,
    "representsNullFields": false,
    "parquetCompressionMethod": "SNAPPY",
    "parquetFlavor": "HIVE",
    "parquetBlockSizeMB": 128
  },
  "partitioning": {
    "ignoreNonMatchingFile": false,
    "considerMissingRequestedPartitionsAsEmpty": false,
    "dimensions": []
  },
  "versionTag": {
    "versionNumber": 5,
    "lastModifiedBy": {
      "login": "ririn.abeam"
    },
    "lastModifiedOn": 1626770198269
  },
  "creationTag": {
    "versionNumber": 0,
    "lastModifiedBy": {
      "login": "nick"
    },
    "lastModifiedOn": 1626357275609
  },
  "tags": [],
  "params": {
    "metastoreSynchronizationEnabled": true,
    "hiveTableName": "sor_casa_td_trx_dow",
    "connection": "hdfs_managed",
    "path": "/${projectKey}/sor_casa_td_trx_dow",
    "notReadyIfEmpty": false,
    "filesSelectionRules": {
      "mode": "ALL",
      "excludeRules": [],
      "includeRules": [],
      "explicitFiles": []
    }
  },
  "schema": {
    "columns": [
      {
        "name": "acct_number",
        "type": "string"
      },
      {
        "name": "db_cred_cd",
        "type": "string"
      },
      {
        "name": "null_dow_trans_amt_count",
        "type": "bigint"
      },
      {
        "name": "null_dow_trans_amt_sum",
        "type": "double"
      },
      {
        "name": "weekday_trans_amt_count",
        "type": "bigint"
      },
      {
        "name": "weekday_trans_amt_sum",
        "type": "double"
      },
      {
        "name": "weekend_trans_amt_count",
        "type": "bigint"
      },
      {
        "name": "weekend_trans_amt_sum",
        "type": "double"
      }
    ],
    "userModified": true,
    "metadata": {
      "engineType": "HIVE",
      "pivotElementsModalities": [
        {
          "pivotElement": {
            "keyColumns": [
              "dow"
            ],
            "valueLimit": "TOP_N",
            "topnLimit": 20,
            "minOccLimit": 0,
            "explicitValues": [],
            "globalCount": false,
            "valueColumns": [
              {
                "column": "trans_amt",
                "type": "double",
                "min": false,
                "max": false,
                "count": false,
                "countDistinct": false,
                "sum": true,
                "concat": false,
                "stddev": false,
                "avg": false,
                "sum2": false,
                "first": false,
                "last": false,
                "concatDistinct": false,
                "firstLastNotNull": false
              },
              {
                "column": "trans_amt",
                "type": "double",
                "min": false,
                "max": false,
                "count": true,
                "countDistinct": false,
                "sum": false,
                "concat": false,
                "stddev": false,
                "avg": false,
                "sum2": false,
                "first": false,
                "last": false,
                "concatDistinct": false,
                "firstLastNotNull": false
              }
            ]
          },
          "pivotedModalities": [
            {
              "keyValues": [
                null
              ],
              "name": "null_dow",
              "valueColumns": [
                {
                  "source": "trans_amt",
                  "pivoted": "null_dow_trans_amt"
                }
              ]
            },
            {
              "keyValues": [
                "weekday"
              ],
              "name": "weekday",
              "valueColumns": [
                {
                  "source": "trans_amt",
                  "pivoted": "weekday_trans_amt"
                }
              ]
            },
            {
              "keyValues": [
                "weekend"
              ],
              "name": "weekend",
              "valueColumns": [
                {
                  "source": "trans_amt",
                  "pivoted": "weekend_trans_amt"
                }
              ]
            }
          ]
        }
      ]
    }
  },
  "dkuProperties": [],
  "metrics": {
    "probes": [
      {
        "type": "basic",
        "enabled": true,
        "computeOnBuildMode": "PARTITION",
        "meta": {
          "name": "Basic data",
          "level": 0
        },
        "configuration": {}
      },
      {
        "type": "records",
        "enabled": true,
        "computeOnBuildMode": "NO",
        "meta": {
          "name": "Record count",
          "level": 0
        },
        "configuration": {}
      }
    ],
    "engineConfig": {
      "padRunsWithMetrics": false,
      "hive": {
        "active": true,
        "extraConf": []
      },
      "basic": {},
      "dss": {
        "active": true,
        "selection": {
          "useMemTable": false,
          "filter": {
            "distinct": false,
            "enabled": false
          },
          "partitionSelectionMethod": "ALL",
          "latestPartitionsN": 1,
          "ordering": {
            "enabled": false,
            "rules": []
          },
          "samplingMethod": "FULL",
          "maxRecords": -1,
          "targetRatio": 0.02,
          "withinFirstN": -1,
          "maxReadUncompressedBytes": -1
        }
      },
      "sql": {
        "active": true
      },
      "impala": {
        "active": true
      },
      "spark": {
        "active": true,
        "extraConf": []
      },
      "python": {}
    },
    "displayedState": {
      "columns": [],
      "metrics": [
        "basic:COUNT_COLUMNS",
        "basic:COUNT_FILES",
        "basic:SIZE",
        "records:COUNT_RECORDS"
      ]
    }
  },
  "metricsChecks": {
    "runOnBuild": false,
    "checks": [],
    "displayedState": {
      "checks": []
    }
  },
  "customFields": {}
}