{
  "type": "HDFS",
  "managed": true,
  "formatType": "parquet",
  "checklists": {
    "checklists": []
  },
  "checks": [],
  "customMeta": {
    "kv": {}
  },
  "flowOptions": {
    "virtualizable": false,
    "rebuildBehavior": "NORMAL",
    "crossProjectBuildBehavior": "DEFAULT"
  },
  "readWriteOptions": {
    "preserveOrder": false,
    "writeBuckets": 1,
    "forceSingleOutputFile": false,
    "defaultReadOrdering": {
      "enabled": false,
      "rules": []
    }
  },
  "formatParams": {
    "parquetLowerCaseIdentifiers": false,
    "representsNullFields": false,
    "parquetCompressionMethod": "SNAPPY",
    "parquetFlavor": "HIVE",
    "parquetBlockSizeMB": 128
  },
  "partitioning": {
    "ignoreNonMatchingFile": false,
    "considerMissingRequestedPartitionsAsEmpty": false,
    "dimensions": []
  },
  "versionTag": {
    "versionNumber": 2,
    "lastModifiedBy": {
      "login": "nick"
    },
    "lastModifiedOn": 1626677887344
  },
  "creationTag": {
    "versionNumber": 0,
    "lastModifiedBy": {
      "login": "nick"
    },
    "lastModifiedOn": 1626343269808
  },
  "tags": [
    "cross sell_model"
  ],
  "params": {
    "metastoreSynchronizationEnabled": true,
    "hiveTableName": "sor_gcn_master_prepared",
    "connection": "hdfs_managed",
    "path": "/${projectKey}/sor_gcn_master_prepared",
    "notReadyIfEmpty": false,
    "filesSelectionRules": {
      "mode": "ALL",
      "excludeRules": [],
      "includeRules": [],
      "explicitFiles": []
    }
  },
  "schema": {
    "columns": [
      {
        "name": "gcn_number",
        "type": "string"
      },
      {
        "name": "kyc_economic_sector_desc",
        "type": "string"
      },
      {
        "name": "country_of_birth",
        "type": "string"
      },
      {
        "name": "permanent_residence",
        "type": "string"
      },
      {
        "name": "city_of_birth",
        "type": "string"
      },
      {
        "name": "date_of_birth",
        "type": "string"
      },
      {
        "name": "gender",
        "type": "string"
      },
      {
        "name": "marital_status",
        "type": "string",
        "meaning": "Text"
      },
      {
        "name": "total_number_of_dependant",
        "type": "string"
      },
      {
        "name": "nationality_cd",
        "type": "string"
      },
      {
        "name": "last_education_lvl",
        "type": "string"
      },
      {
        "name": "religion",
        "type": "string"
      }
    ],
    "userModified": true
  },
  "dkuProperties": [],
  "metrics": {
    "probes": [
      {
        "type": "basic",
        "enabled": true,
        "computeOnBuildMode": "PARTITION",
        "meta": {
          "name": "Basic data",
          "level": 0
        },
        "configuration": {}
      },
      {
        "type": "records",
        "enabled": true,
        "computeOnBuildMode": "NO",
        "meta": {
          "name": "Record count",
          "level": 0
        },
        "configuration": {}
      }
    ],
    "engineConfig": {
      "padRunsWithMetrics": false,
      "hive": {
        "active": true,
        "extraConf": []
      },
      "basic": {},
      "dss": {
        "active": true,
        "selection": {
          "useMemTable": false,
          "filter": {
            "distinct": false,
            "enabled": false
          },
          "partitionSelectionMethod": "ALL",
          "latestPartitionsN": 1,
          "ordering": {
            "enabled": false,
            "rules": []
          },
          "samplingMethod": "FULL",
          "maxRecords": -1,
          "targetRatio": 0.02,
          "withinFirstN": -1,
          "maxReadUncompressedBytes": -1
        }
      },
      "sql": {
        "active": true
      },
      "impala": {
        "active": true
      },
      "spark": {
        "active": true,
        "extraConf": []
      },
      "python": {}
    },
    "displayedState": {
      "columns": [],
      "metrics": [
        "basic:COUNT_COLUMNS",
        "basic:COUNT_FILES",
        "basic:SIZE",
        "records:COUNT_RECORDS"
      ]
    }
  },
  "metricsChecks": {
    "runOnBuild": false,
    "checks": [],
    "displayedState": {
      "checks": []
    }
  },
  "customFields": {}
}