{
  "type": "HDFS",
  "managed": true,
  "formatType": "parquet",
  "checklists": {
    "checklists": []
  },
  "checks": [],
  "customMeta": {
    "kv": {}
  },
  "flowOptions": {
    "virtualizable": false,
    "rebuildBehavior": "NORMAL",
    "crossProjectBuildBehavior": "DEFAULT"
  },
  "readWriteOptions": {
    "preserveOrder": false,
    "writeBuckets": 1,
    "forceSingleOutputFile": false,
    "defaultReadOrdering": {
      "enabled": false,
      "rules": []
    }
  },
  "formatParams": {
    "parquetLowerCaseIdentifiers": false,
    "representsNullFields": false,
    "parquetCompressionMethod": "SNAPPY",
    "parquetFlavor": "HIVE",
    "parquetBlockSizeMB": 128
  },
  "partitioning": {
    "ignoreNonMatchingFile": false,
    "considerMissingRequestedPartitionsAsEmpty": false,
    "dimensions": []
  },
  "versionTag": {
    "versionNumber": 5,
    "lastModifiedBy": {
      "login": "nick"
    },
    "lastModifiedOn": 1626851098205
  },
  "creationTag": {
    "versionNumber": 0,
    "lastModifiedBy": {
      "login": "nick"
    },
    "lastModifiedOn": 1626665225025
  },
  "tags": [],
  "params": {
    "metastoreSynchronizationEnabled": true,
    "hiveTableName": "sor_casa_td_trx_join",
    "connection": "hdfs_managed",
    "path": "/${projectKey}/sor_casa_td_trx_join",
    "notReadyIfEmpty": false,
    "filesSelectionRules": {
      "mode": "ALL",
      "excludeRules": [],
      "includeRules": [],
      "explicitFiles": []
    }
  },
  "schema": {
    "columns": [
      {
        "name": "acct_number",
        "type": "string"
      },
      {
        "name": "trans_amt_count",
        "type": "bigint"
      },
      {
        "name": "trans_amt_sum",
        "type": "double"
      },
      {
        "name": "credit_posting_timestamp_parsed_min",
        "type": "date"
      },
      {
        "name": "credit_posting_timestamp_parsed_max",
        "type": "date"
      },
      {
        "name": "credit_trans_amt_min",
        "type": "double"
      },
      {
        "name": "credit_trans_amt_max",
        "type": "double"
      },
      {
        "name": "credit_trans_amt_count",
        "type": "bigint"
      },
      {
        "name": "credit_trans_amt_avg",
        "type": "double"
      },
      {
        "name": "credit_trans_amt_sum",
        "type": "double"
      },
      {
        "name": "credit_count",
        "type": "bigint"
      },
      {
        "name": "debit_aud_trans_amt_count",
        "type": "bigint"
      },
      {
        "name": "debit_aud_trans_amt_sum",
        "type": "double"
      },
      {
        "name": "debit_cad_trans_amt_count",
        "type": "bigint"
      },
      {
        "name": "debit_cad_trans_amt_sum",
        "type": "double"
      },
      {
        "name": "debit_chf_trans_amt_count",
        "type": "bigint"
      },
      {
        "name": "debit_chf_trans_amt_sum",
        "type": "double"
      },
      {
        "name": "debit_cny_trans_amt_count",
        "type": "bigint"
      },
      {
        "name": "debit_cny_trans_amt_sum",
        "type": "double"
      },
      {
        "name": "debit_eur_trans_amt_count",
        "type": "bigint"
      },
      {
        "name": "debit_eur_trans_amt_sum",
        "type": "double"
      },
      {
        "name": "debit_gbp_trans_amt_count",
        "type": "bigint"
      },
      {
        "name": "debit_gbp_trans_amt_sum",
        "type": "double"
      },
      {
        "name": "debit_hkd_trans_amt_count",
        "type": "bigint"
      },
      {
        "name": "debit_hkd_trans_amt_sum",
        "type": "double"
      },
      {
        "name": "debit_idr_trans_amt_count",
        "type": "bigint"
      },
      {
        "name": "debit_idr_trans_amt_sum",
        "type": "double"
      },
      {
        "name": "debit_jpy_trans_amt_count",
        "type": "bigint"
      },
      {
        "name": "debit_jpy_trans_amt_sum",
        "type": "double"
      },
      {
        "name": "debit_nzd_trans_amt_count",
        "type": "bigint"
      },
      {
        "name": "debit_nzd_trans_amt_sum",
        "type": "double"
      },
      {
        "name": "debit_sgd_trans_amt_count",
        "type": "bigint"
      },
      {
        "name": "debit_sgd_trans_amt_sum",
        "type": "double"
      },
      {
        "name": "debit_usd_trans_amt_count",
        "type": "bigint"
      },
      {
        "name": "debit_usd_trans_amt_sum",
        "type": "double"
      },
      {
        "name": "credit_aud_trans_amt_count",
        "type": "bigint"
      },
      {
        "name": "credit_aud_trans_amt_sum",
        "type": "double"
      },
      {
        "name": "credit_cad_trans_amt_count",
        "type": "bigint"
      },
      {
        "name": "credit_cad_trans_amt_sum",
        "type": "double"
      },
      {
        "name": "credit_chf_trans_amt_count",
        "type": "bigint"
      },
      {
        "name": "credit_chf_trans_amt_sum",
        "type": "double"
      },
      {
        "name": "credit_cny_trans_amt_count",
        "type": "bigint"
      },
      {
        "name": "credit_cny_trans_amt_sum",
        "type": "double"
      },
      {
        "name": "credit_eur_trans_amt_count",
        "type": "bigint"
      },
      {
        "name": "credit_eur_trans_amt_sum",
        "type": "double"
      },
      {
        "name": "credit_gbp_trans_amt_count",
        "type": "bigint"
      },
      {
        "name": "credit_gbp_trans_amt_sum",
        "type": "double"
      },
      {
        "name": "credit_hkd_trans_amt_count",
        "type": "bigint"
      },
      {
        "name": "credit_hkd_trans_amt_sum",
        "type": "double"
      },
      {
        "name": "credit_idr_trans_amt_count",
        "type": "bigint"
      },
      {
        "name": "credit_idr_trans_amt_sum",
        "type": "double"
      },
      {
        "name": "credit_jpy_trans_amt_count",
        "type": "bigint"
      },
      {
        "name": "credit_jpy_trans_amt_sum",
        "type": "double"
      },
      {
        "name": "credit_nzd_trans_amt_count",
        "type": "bigint"
      },
      {
        "name": "credit_nzd_trans_amt_sum",
        "type": "double"
      },
      {
        "name": "credit_sgd_trans_amt_count",
        "type": "bigint"
      },
      {
        "name": "credit_sgd_trans_amt_sum",
        "type": "double"
      },
      {
        "name": "credit_usd_trans_amt_count",
        "type": "bigint"
      },
      {
        "name": "credit_usd_trans_amt_sum",
        "type": "double"
      },
      {
        "name": "debit_weekday_trans_amt_count",
        "type": "bigint"
      },
      {
        "name": "debit_weekday_trans_amt_sum",
        "type": "double"
      },
      {
        "name": "debit_weekend_trans_amt_count",
        "type": "bigint"
      },
      {
        "name": "debit_weekend_trans_amt_sum",
        "type": "double"
      },
      {
        "name": "credit_weekday_trans_amt_count",
        "type": "bigint"
      },
      {
        "name": "credit_weekday_trans_amt_sum",
        "type": "double"
      },
      {
        "name": "credit_weekend_trans_amt_count",
        "type": "bigint"
      },
      {
        "name": "credit_weekend_trans_amt_sum",
        "type": "double"
      },
      {
        "name": "debit_posting_timestamp_parsed_min",
        "type": "date"
      },
      {
        "name": "debit_posting_timestamp_parsed_max",
        "type": "date"
      },
      {
        "name": "debit_trans_amt_min",
        "type": "double"
      },
      {
        "name": "debit_trans_amt_max",
        "type": "double"
      },
      {
        "name": "debit_trans_amt_count",
        "type": "bigint"
      },
      {
        "name": "debit_trans_amt_avg",
        "type": "double"
      },
      {
        "name": "debit_trans_amt_sum",
        "type": "double"
      },
      {
        "name": "debit_count",
        "type": "bigint"
      }
    ],
    "userModified": true
  },
  "dkuProperties": [],
  "metrics": {
    "probes": [
      {
        "type": "basic",
        "enabled": true,
        "computeOnBuildMode": "PARTITION",
        "meta": {
          "name": "Basic data",
          "level": 0
        },
        "configuration": {}
      },
      {
        "type": "records",
        "enabled": true,
        "computeOnBuildMode": "NO",
        "meta": {
          "name": "Record count",
          "level": 0
        },
        "configuration": {}
      }
    ],
    "engineConfig": {
      "padRunsWithMetrics": false,
      "hive": {
        "active": true,
        "extraConf": []
      },
      "basic": {},
      "dss": {
        "active": true,
        "selection": {
          "useMemTable": false,
          "filter": {
            "distinct": false,
            "enabled": false
          },
          "partitionSelectionMethod": "ALL",
          "latestPartitionsN": 1,
          "ordering": {
            "enabled": false,
            "rules": []
          },
          "samplingMethod": "FULL",
          "maxRecords": -1,
          "targetRatio": 0.02,
          "withinFirstN": -1,
          "maxReadUncompressedBytes": -1
        }
      },
      "sql": {
        "active": true
      },
      "impala": {
        "active": true
      },
      "spark": {
        "active": true,
        "extraConf": []
      },
      "python": {}
    },
    "displayedState": {
      "columns": [],
      "metrics": [
        "basic:COUNT_COLUMNS",
        "basic:COUNT_FILES",
        "basic:SIZE",
        "records:COUNT_RECORDS"
      ]
    }
  },
  "metricsChecks": {
    "runOnBuild": false,
    "checks": [],
    "displayedState": {
      "checks": []
    }
  },
  "customFields": {}
}