{
  "type": "HDFS",
  "managed": false,
  "formatType": "csv",
  "checklists": {
    "checklists": []
  },
  "customMeta": {
    "kv": {}
  },
  "flowOptions": {
    "virtualizable": false,
    "rebuildBehavior": "NORMAL",
    "crossProjectBuildBehavior": "DEFAULT"
  },
  "readWriteOptions": {
    "preserveOrder": false,
    "writeBuckets": 1,
    "forceSingleOutputFile": false,
    "defaultReadOrdering": {
      "enabled": false,
      "rules": []
    }
  },
  "formatParams": {
    "style": "no_escape_no_quote",
    "charset": "utf-8",
    "separator": ",",
    "quoteChar": "\"",
    "escapeChar": "\\",
    "dateSerializationFormat": "ISO",
    "arrayMapFormat": "json",
    "hiveSeparators": [
      "\u0002",
      "\u0003",
      "\u0004",
      "\u0005",
      "\u0006",
      "\u0007",
      "\b"
    ],
    "skipRowsBeforeHeader": 0,
    "parseHeaderRow": true,
    "skipRowsAfterHeader": 0,
    "probableNumberOfRecords": 97,
    "normalizeBooleans": false,
    "normalizeDoubles": true,
    "readAdditionalColumnsBehavior": "INSERT_IN_DATA_WARNING",
    "readMissingColumnsBehavior": "DISCARD_SILENT",
    "readDataTypeMismatchBehavior": "DISCARD_WARNING",
    "writeDataTypeMismatchBehavior": "DISCARD_WARNING",
    "fileReadFailureBehavior": "FAIL",
    "compress": ""
  },
  "partitioning": {
    "ignoreNonMatchingFile": false,
    "considerMissingRequestedPartitionsAsEmpty": false,
    "dimensions": []
  },
  "versionTag": {
    "versionNumber": 3,
    "lastModifiedBy": {
      "login": "nick"
    },
    "lastModifiedOn": 1626677887271
  },
  "creationTag": {
    "versionNumber": 0,
    "lastModifiedBy": {
      "login": "prashant"
    },
    "lastModifiedOn": 1626340894407
  },
  "tags": [
    "cross sell_model"
  ],
  "params": {
    "metastoreSynchronizationEnabled": false,
    "connection": "hdfs_managed",
    "path": "/BANKCUSTOMERSEGMENTATION/PALjtIma/sor_cif_master.csv",
    "notReadyIfEmpty": false,
    "filesSelectionRules": {
      "mode": "ALL",
      "excludeRules": [],
      "includeRules": [],
      "explicitFiles": []
    }
  },
  "schema": {
    "columns": [
      {
        "name": "batch_date",
        "type": "string"
      },
      {
        "name": "job_id",
        "type": "string"
      },
      {
        "name": "last_modified",
        "type": "string"
      },
      {
        "name": "cif_number",
        "type": "string"
      },
      {
        "name": "gcn_number",
        "type": "string"
      },
      {
        "name": "download_date",
        "type": "string"
      },
      {
        "name": "data_source",
        "type": "string"
      },
      {
        "name": "ao_cd",
        "type": "string"
      },
      {
        "name": "customer_open_date",
        "type": "string"
      },
      {
        "name": "collectibility_cd",
        "type": "string"
      },
      {
        "name": "verified_flag",
        "type": "string"
      },
      {
        "name": "verified_by",
        "type": "string"
      },
      {
        "name": "verified_date",
        "type": "string"
      },
      {
        "name": "deleted_flag",
        "type": "string"
      },
      {
        "name": "customer_number",
        "type": "string"
      },
      {
        "name": "customer_status",
        "type": "string"
      },
      {
        "name": "primary_cc_number",
        "type": "string"
      },
      {
        "name": "stmt_date",
        "type": "string"
      },
      {
        "name": "retour_flag",
        "type": "string"
      },
      {
        "name": "vip_cd",
        "type": "string"
      },
      {
        "name": "hold_mail",
        "type": "string"
      },
      {
        "name": "open_branch_cd",
        "type": "string"
      },
      {
        "name": "primary_acct_number",
        "type": "string"
      },
      {
        "name": "primary_giro_number",
        "type": "string"
      },
      {
        "name": "supervisor_id",
        "type": "string"
      },
      {
        "name": "cc_delivery_stmt",
        "type": "string"
      },
      {
        "name": "group_number",
        "type": "string"
      },
      {
        "name": "zakat",
        "type": "string"
      },
      {
        "name": "customer_segment",
        "type": "string"
      },
      {
        "name": "cdd_last_review_date",
        "type": "string"
      },
      {
        "name": "cdd_last_review_flag",
        "type": "string"
      },
      {
        "name": "rt_rw",
        "type": "string"
      },
      {
        "name": "kelurahan",
        "type": "string"
      },
      {
        "name": "kecamatan",
        "type": "string"
      },
      {
        "name": "city",
        "type": "string"
      },
      {
        "name": "postal_cd",
        "type": "string"
      },
      {
        "name": "country_cd",
        "type": "string"
      },
      {
        "name": "phone_area_cd_1",
        "type": "string"
      },
      {
        "name": "corp_phone_area",
        "type": "string"
      },
      {
        "name": "cc_declared_income",
        "type": "string"
      },
      {
        "name": "cc_net_monthly_income",
        "type": "string"
      },
      {
        "name": "cc_addtl_income",
        "type": "string"
      },
      {
        "name": "cc_addtl_income_latest",
        "type": "string"
      },
      {
        "name": "emerg_con_gender",
        "type": "string"
      },
      {
        "name": "emerg_con_rel_with_customer",
        "type": "string"
      },
      {
        "name": "emerg_con_rt_rw",
        "type": "string"
      },
      {
        "name": "emerg_con_kecamatan",
        "type": "string"
      },
      {
        "name": "emerg_con_kelurahan",
        "type": "string"
      },
      {
        "name": "emerg_con_city",
        "type": "string"
      },
      {
        "name": "emerg_con_postal_cd",
        "type": "string"
      },
      {
        "name": "emerg_con_country_cd",
        "type": "string"
      },
      {
        "name": "emerg_con_marital_status",
        "type": "string"
      },
      {
        "name": "emerg_con_phone_area_cd",
        "type": "string"
      },
      {
        "name": "emp_corp_type",
        "type": "string"
      },
      {
        "name": "emp_position",
        "type": "string"
      },
      {
        "name": "emp_department",
        "type": "string"
      },
      {
        "name": "emp_rt_rw",
        "type": "string"
      },
      {
        "name": "emp_kelurahan",
        "type": "string"
      },
      {
        "name": "emp_kecamatan",
        "type": "string"
      },
      {
        "name": "emp_city",
        "type": "string"
      },
      {
        "name": "emp_postal_cd",
        "type": "string"
      },
      {
        "name": "emp_country_cd",
        "type": "string"
      },
      {
        "name": "emp_economy_sector",
        "type": "string"
      },
      {
        "name": "emp_employee_since_month",
        "type": "string"
      },
      {
        "name": "emp_employee_since_year",
        "type": "string"
      },
      {
        "name": "emp_employment_type",
        "type": "string"
      },
      {
        "name": "emp_phone_area_cd",
        "type": "string"
      },
      {
        "name": "tbo_flag",
        "type": "string"
      },
      {
        "name": "oths_bank_name_1",
        "type": "string"
      },
      {
        "name": "oths_bank_acct_number_1",
        "type": "string"
      },
      {
        "name": "oths_bank_cc_number_1",
        "type": "string"
      },
      {
        "name": "oths_bank_name_2",
        "type": "string"
      },
      {
        "name": "oths_bank_acct_number_2",
        "type": "string"
      },
      {
        "name": "oths_bank_cc_number_2",
        "type": "string"
      },
      {
        "name": "gender",
        "type": "string"
      },
      {
        "name": "date_of_birth",
        "type": "string"
      },
      {
        "name": "id_type",
        "type": "string"
      },
      {
        "name": "id_issue_date",
        "type": "string"
      },
      {
        "name": "id_expiry_date",
        "type": "string"
      },
      {
        "name": "pl_net_monthly_income",
        "type": "string"
      },
      {
        "name": "pl_addtl_income",
        "type": "string"
      },
      {
        "name": "pl_addtl_income_latest",
        "type": "string"
      },
      {
        "name": "mortg_verified_income",
        "type": "string"
      },
      {
        "name": "mortg_nonverified_income",
        "type": "string"
      },
      {
        "name": "casa_td_stmt_delivery_cd",
        "type": "string"
      },
      {
        "name": "consolidate_stmt_flag",
        "type": "string"
      },
      {
        "name": "corp_fax_number_cd",
        "type": "string"
      },
      {
        "name": "corp_phone_2_area_cd",
        "type": "string"
      },
      {
        "name": "corp_phone_3_area_cd",
        "type": "string"
      },
      {
        "name": "phone_number_2_area_cd",
        "type": "string"
      },
      {
        "name": "phone_number_3_area_cd",
        "type": "string"
      },
      {
        "name": "fax_number_area_cd",
        "type": "string"
      },
      {
        "name": "emp_phone_number_2_area_cd",
        "type": "string"
      },
      {
        "name": "emp_fax_number_area_cd",
        "type": "string"
      },
      {
        "name": "wms_risk_profile",
        "type": "string"
      },
      {
        "name": "bi_wms_registry_code",
        "type": "string"
      },
      {
        "name": "cc_customer_collector",
        "type": "string"
      }
    ],
    "userModified": true
  },
  "dkuProperties": [],
  "metrics": {
    "probes": [
      {
        "type": "basic",
        "enabled": true,
        "computeOnBuildMode": "PARTITION",
        "meta": {
          "name": "Basic data",
          "level": 0
        },
        "configuration": {}
      },
      {
        "type": "records",
        "enabled": true,
        "computeOnBuildMode": "NO",
        "meta": {
          "name": "Record count",
          "level": 0
        },
        "configuration": {}
      }
    ],
    "engineConfig": {
      "padRunsWithMetrics": false,
      "hive": {
        "active": true,
        "extraConf": []
      },
      "basic": {},
      "dss": {
        "active": true,
        "selection": {
          "useMemTable": false,
          "filter": {
            "distinct": false,
            "enabled": false
          },
          "partitionSelectionMethod": "ALL",
          "latestPartitionsN": 1,
          "ordering": {
            "enabled": false,
            "rules": []
          },
          "samplingMethod": "FULL",
          "maxRecords": -1,
          "targetRatio": 0.02,
          "withinFirstN": -1,
          "maxReadUncompressedBytes": -1
        }
      },
      "sql": {
        "active": true
      },
      "impala": {
        "active": true
      },
      "spark": {
        "active": true,
        "extraConf": []
      },
      "python": {}
    },
    "displayedState": {
      "columns": [],
      "metrics": [
        "basic:COUNT_COLUMNS",
        "basic:COUNT_FILES",
        "basic:SIZE",
        "records:COUNT_RECORDS"
      ]
    }
  },
  "metricsChecks": {
    "runOnBuild": false,
    "checks": [],
    "displayedState": {
      "checks": []
    }
  },
  "customFields": {}
}