{
  "type": "HDFS",
  "managed": false,
  "formatType": "csv",
  "checklists": {
    "checklists": []
  },
  "customMeta": {
    "kv": {}
  },
  "flowOptions": {
    "virtualizable": false,
    "rebuildBehavior": "NORMAL",
    "crossProjectBuildBehavior": "DEFAULT"
  },
  "readWriteOptions": {
    "preserveOrder": false,
    "writeBuckets": 1,
    "forceSingleOutputFile": false,
    "defaultReadOrdering": {
      "enabled": false,
      "rules": []
    }
  },
  "formatParams": {
    "style": "no_escape_no_quote",
    "charset": "windows-1252",
    "separator": ",",
    "quoteChar": "\"",
    "escapeChar": "\\",
    "dateSerializationFormat": "ISO",
    "arrayMapFormat": "json",
    "hiveSeparators": [
      "\u0002",
      "\u0003",
      "\u0004",
      "\u0005",
      "\u0006",
      "\u0007",
      "\b"
    ],
    "skipRowsBeforeHeader": 0,
    "parseHeaderRow": true,
    "skipRowsAfterHeader": 0,
    "probableNumberOfRecords": 3,
    "normalizeBooleans": false,
    "normalizeDoubles": true,
    "readAdditionalColumnsBehavior": "INSERT_IN_DATA_WARNING",
    "readMissingColumnsBehavior": "DISCARD_SILENT",
    "readDataTypeMismatchBehavior": "DISCARD_WARNING",
    "writeDataTypeMismatchBehavior": "DISCARD_WARNING",
    "fileReadFailureBehavior": "FAIL",
    "compress": ""
  },
  "partitioning": {
    "ignoreNonMatchingFile": false,
    "considerMissingRequestedPartitionsAsEmpty": false,
    "dimensions": []
  },
  "versionTag": {
    "versionNumber": 1,
    "lastModifiedBy": {
      "login": "nick"
    },
    "lastModifiedOn": 1626677887273
  },
  "creationTag": {
    "versionNumber": 0,
    "lastModifiedBy": {
      "login": "nick"
    },
    "lastModifiedOn": 1626343186126
  },
  "tags": [
    "cross sell_model"
  ],
  "params": {
    "metastoreSynchronizationEnabled": false,
    "connection": "hdfs_managed",
    "path": "/BANKCUSTOMERSEGMENTATION/PALjtIma/sor_gcn_master.csv",
    "notReadyIfEmpty": false,
    "filesSelectionRules": {
      "mode": "ALL",
      "excludeRules": [],
      "includeRules": [],
      "explicitFiles": []
    }
  },
  "schema": {
    "columns": [
      {
        "name": "batch_date",
        "type": "string"
      },
      {
        "name": "job_id",
        "type": "string"
      },
      {
        "name": "last_modified",
        "type": "string"
      },
      {
        "name": "source_system",
        "type": "string"
      },
      {
        "name": "gcn_number",
        "type": "string"
      },
      {
        "name": "customer_type",
        "type": "string"
      },
      {
        "name": "sdd_edd",
        "type": "string"
      },
      {
        "name": "risk_group_id",
        "type": "string"
      },
      {
        "name": "collectibility",
        "type": "string"
      },
      {
        "name": "profitibility",
        "type": "string"
      },
      {
        "name": "risk_grade",
        "type": "string"
      },
      {
        "name": "segment_cd",
        "type": "string"
      },
      {
        "name": "hash_key",
        "type": "string"
      },
      {
        "name": "tbo_flag",
        "type": "string"
      },
      {
        "name": "pep_flag",
        "type": "string"
      },
      {
        "name": "deleted_flag",
        "type": "string"
      },
      {
        "name": "ao_cd",
        "type": "string"
      },
      {
        "name": "downloaded_date",
        "type": "string"
      },
      {
        "name": "din",
        "type": "string"
      },
      {
        "name": "violate_bmpk_flag",
        "type": "string"
      },
      {
        "name": "exceed_bmpk_flag",
        "type": "string"
      },
      {
        "name": "debtor_categories",
        "type": "string"
      },
      {
        "name": "kyc_economic_sector_cd",
        "type": "string"
      },
      {
        "name": "kyc_economic_sector_desc",
        "type": "string"
      },
      {
        "name": "tax_number_statement_date",
        "type": "string"
      },
      {
        "name": "country_of_birth",
        "type": "string"
      },
      {
        "name": "permanent_residence",
        "type": "string"
      },
      {
        "name": "fatca_declaration_flag",
        "type": "string"
      },
      {
        "name": "facta_usa_phone_number_flag",
        "type": "string"
      },
      {
        "name": "fatca_stmt_date",
        "type": "string"
      },
      {
        "name": "aml_instruction_flag",
        "type": "string"
      },
      {
        "name": "salutation_before_name",
        "type": "string"
      },
      {
        "name": "salutation_after_name",
        "type": "string"
      },
      {
        "name": "city_of_birth",
        "type": "string"
      },
      {
        "name": "date_of_birth",
        "type": "string"
      },
      {
        "name": "gender",
        "type": "string"
      },
      {
        "name": "marital_status",
        "type": "string"
      },
      {
        "name": "total_number_of_dependant",
        "type": "string"
      },
      {
        "name": "nationality_cd",
        "type": "string"
      },
      {
        "name": "last_education_lvl",
        "type": "string"
      },
      {
        "name": "resident_status",
        "type": "string"
      },
      {
        "name": "religion",
        "type": "string"
      },
      {
        "name": "col_42",
        "type": "string"
      }
    ],
    "userModified": true
  },
  "dkuProperties": [],
  "metrics": {
    "probes": [
      {
        "type": "basic",
        "enabled": true,
        "computeOnBuildMode": "PARTITION",
        "meta": {
          "name": "Basic data",
          "level": 0
        },
        "configuration": {}
      },
      {
        "type": "records",
        "enabled": true,
        "computeOnBuildMode": "NO",
        "meta": {
          "name": "Record count",
          "level": 0
        },
        "configuration": {}
      }
    ],
    "engineConfig": {
      "padRunsWithMetrics": false,
      "hive": {
        "active": true,
        "extraConf": []
      },
      "basic": {},
      "dss": {
        "active": true,
        "selection": {
          "useMemTable": false,
          "filter": {
            "distinct": false,
            "enabled": false
          },
          "partitionSelectionMethod": "ALL",
          "latestPartitionsN": 1,
          "ordering": {
            "enabled": false,
            "rules": []
          },
          "samplingMethod": "FULL",
          "maxRecords": -1,
          "targetRatio": 0.02,
          "withinFirstN": -1,
          "maxReadUncompressedBytes": -1
        }
      },
      "sql": {
        "active": true
      },
      "impala": {
        "active": true
      },
      "spark": {
        "active": true,
        "extraConf": []
      },
      "python": {}
    },
    "displayedState": {
      "columns": [],
      "metrics": [
        "basic:COUNT_COLUMNS",
        "basic:COUNT_FILES",
        "basic:SIZE",
        "records:COUNT_RECORDS"
      ]
    }
  },
  "metricsChecks": {
    "runOnBuild": false,
    "checks": [],
    "displayedState": {
      "checks": []
    }
  },
  "customFields": {}
}