{
  "type": "HDFS",
  "managed": false,
  "formatType": "csv",
  "checklists": {
    "checklists": []
  },
  "customMeta": {
    "kv": {}
  },
  "flowOptions": {
    "virtualizable": false,
    "rebuildBehavior": "NORMAL",
    "crossProjectBuildBehavior": "DEFAULT"
  },
  "readWriteOptions": {
    "preserveOrder": false,
    "writeBuckets": 1,
    "forceSingleOutputFile": false,
    "defaultReadOrdering": {
      "enabled": false,
      "rules": []
    }
  },
  "formatParams": {
    "style": "excel",
    "charset": "utf-8",
    "separator": ",",
    "quoteChar": "\"",
    "escapeChar": "\\",
    "dateSerializationFormat": "ISO",
    "arrayMapFormat": "json",
    "hiveSeparators": [
      "\u0002",
      "\u0003",
      "\u0004",
      "\u0005",
      "\u0006",
      "\u0007",
      "\b"
    ],
    "skipRowsBeforeHeader": 0,
    "parseHeaderRow": true,
    "skipRowsAfterHeader": 0,
    "probableNumberOfRecords": 60,
    "normalizeBooleans": false,
    "normalizeDoubles": true,
    "readAdditionalColumnsBehavior": "INSERT_IN_DATA_WARNING",
    "readMissingColumnsBehavior": "DISCARD_SILENT",
    "readDataTypeMismatchBehavior": "DISCARD_WARNING",
    "writeDataTypeMismatchBehavior": "DISCARD_WARNING",
    "fileReadFailureBehavior": "FAIL",
    "compress": ""
  },
  "partitioning": {
    "ignoreNonMatchingFile": false,
    "considerMissingRequestedPartitionsAsEmpty": false,
    "dimensions": []
  },
  "versionTag": {
    "versionNumber": 0,
    "lastModifiedBy": {
      "login": "ririn.abeam"
    },
    "lastModifiedOn": 1626833960491
  },
  "creationTag": {
    "versionNumber": 0,
    "lastModifiedBy": {
      "login": "ririn.abeam"
    },
    "lastModifiedOn": 1626833960491
  },
  "tags": [],
  "params": {
    "metastoreSynchronizationEnabled": false,
    "connection": "hdfs_managed",
    "path": "/BANKCUSTOMERSEGMENTATION/PALjtIma/sor_td_master.csv",
    "notReadyIfEmpty": false,
    "filesSelectionRules": {
      "mode": "ALL",
      "excludeRules": [],
      "includeRules": [],
      "explicitFiles": []
    }
  },
  "schema": {
    "columns": [
      {
        "name": "batch_date",
        "type": "string"
      },
      {
        "name": "job_id",
        "type": "string"
      },
      {
        "name": "last_modified",
        "type": "string"
      },
      {
        "name": "source_system",
        "type": "string"
      },
      {
        "name": "sent_date",
        "type": "string"
      },
      {
        "name": "sent_date_julian",
        "type": "string"
      },
      {
        "name": "gcn_number",
        "type": "string"
      },
      {
        "name": "cif_number",
        "type": "string"
      },
      {
        "name": "acct_number",
        "type": "string"
      },
      {
        "name": "branch_owner_cd",
        "type": "string"
      },
      {
        "name": "product_cd",
        "type": "string"
      },
      {
        "name": "ao_cd",
        "type": "string"
      },
      {
        "name": "original_bal",
        "type": "string"
      },
      {
        "name": "prev_bal",
        "type": "string"
      },
      {
        "name": "int_rate",
        "type": "string"
      },
      {
        "name": "rate_variance_cd",
        "type": "string"
      },
      {
        "name": "rate_variance",
        "type": "string"
      },
      {
        "name": "issued_date",
        "type": "string"
      },
      {
        "name": "renewal_date",
        "type": "string"
      },
      {
        "name": "maturity_date",
        "type": "string"
      },
      {
        "name": "acct_status",
        "type": "string"
      },
      {
        "name": "ccy",
        "type": "string"
      },
      {
        "name": "redemption_date",
        "type": "string"
      },
      {
        "name": "year_base",
        "type": "string"
      },
      {
        "name": "int_term_cd",
        "type": "string"
      },
      {
        "name": "int_term",
        "type": "string"
      },
      {
        "name": "basel_type",
        "type": "string"
      },
      {
        "name": "nature_basel",
        "type": "string"
      },
      {
        "name": "basel_category",
        "type": "string"
      },
      {
        "name": "basel_int_type",
        "type": "string"
      },
      {
        "name": "alternate_ao_cd",
        "type": "string"
      },
      {
        "name": "curr_ao_cd_exp_date",
        "type": "string"
      },
      {
        "name": "gl_cd",
        "type": "string"
      },
      {
        "name": "autorenewal_cd",
        "type": "string"
      },
      {
        "name": "int_disposition_cd",
        "type": "string"
      },
      {
        "name": "pymt_cd",
        "type": "string"
      },
      {
        "name": "pymt_frequency_term",
        "type": "string"
      },
      {
        "name": "pymt_frequency_cd",
        "type": "string"
      },
      {
        "name": "withholding_cd",
        "type": "string"
      },
      {
        "name": "open_branch_cd",
        "type": "string"
      },
      {
        "name": "last_pymt_date",
        "type": "string"
      },
      {
        "name": "deposit_term",
        "type": "string"
      },
      {
        "name": "deposit_term_cd",
        "type": "string"
      },
      {
        "name": "int_acct_number",
        "type": "string"
      },
      {
        "name": "int_acct_type",
        "type": "string"
      },
      {
        "name": "deposit_acct_number",
        "type": "string"
      },
      {
        "name": "deposit_acct_type",
        "type": "string"
      },
      {
        "name": "accr_method_cd",
        "type": "string"
      },
      {
        "name": "transit_acct_number",
        "type": "string"
      },
      {
        "name": "stmt_delivery_flag",
        "type": "string"
      },
      {
        "name": "int_rate_ceiling",
        "type": "string"
      },
      {
        "name": "rate_scheduler_flag",
        "type": "string"
      },
      {
        "name": "statement_delivery_cd",
        "type": "string"
      },
      {
        "name": "combined_stmt_flag",
        "type": "string"
      },
      {
        "name": "syr_acct_type",
        "type": "string"
      },
      {
        "name": "nisbah_nasabah",
        "type": "string"
      },
      {
        "name": "special_nisbah",
        "type": "string"
      },
      {
        "name": "zakat_pct",
        "type": "string"
      },
      {
        "name": "infaq_pct",
        "type": "string"
      },
      {
        "name": "infaq_freq",
        "type": "string"
      }
    ],
    "userModified": true
  },
  "dkuProperties": [],
  "metrics": {
    "probes": [
      {
        "type": "basic",
        "enabled": true,
        "computeOnBuildMode": "PARTITION",
        "meta": {
          "name": "Basic data",
          "level": 0
        },
        "configuration": {}
      },
      {
        "type": "records",
        "enabled": true,
        "computeOnBuildMode": "NO",
        "meta": {
          "name": "Record count",
          "level": 0
        },
        "configuration": {}
      }
    ],
    "engineConfig": {
      "padRunsWithMetrics": false,
      "hive": {
        "active": true,
        "extraConf": []
      },
      "basic": {},
      "dss": {
        "active": true,
        "selection": {
          "useMemTable": false,
          "filter": {
            "distinct": false,
            "enabled": false
          },
          "partitionSelectionMethod": "ALL",
          "latestPartitionsN": 1,
          "ordering": {
            "enabled": false,
            "rules": []
          },
          "samplingMethod": "FULL",
          "maxRecords": -1,
          "targetRatio": 0.02,
          "withinFirstN": -1,
          "maxReadUncompressedBytes": -1
        }
      },
      "sql": {
        "active": true
      },
      "impala": {
        "active": true
      },
      "spark": {
        "active": true,
        "extraConf": []
      },
      "python": {}
    },
    "displayedState": {
      "columns": [],
      "metrics": [
        "basic:COUNT_COLUMNS",
        "basic:COUNT_FILES",
        "basic:SIZE",
        "records:COUNT_RECORDS"
      ]
    }
  },
  "metricsChecks": {
    "runOnBuild": false,
    "checks": [],
    "displayedState": {
      "checks": []
    }
  },
  "customFields": {}
}