{
  "type": "HDFS",
  "managed": true,
  "formatType": "csv",
  "checklists": {
    "checklists": []
  },
  "checks": [],
  "customMeta": {
    "kv": {}
  },
  "flowOptions": {
    "virtualizable": false,
    "rebuildBehavior": "NORMAL",
    "crossProjectBuildBehavior": "DEFAULT"
  },
  "readWriteOptions": {
    "preserveOrder": false,
    "writeBuckets": 1,
    "forceSingleOutputFile": false,
    "defaultReadOrdering": {
      "enabled": false,
      "rules": []
    }
  },
  "formatParams": {
    "style": "escape_only_no_quote",
    "charset": "utf8",
    "separator": "\t",
    "quoteChar": "\"",
    "escapeChar": "\\",
    "arrayItemSeparator": "\u0002",
    "mapKeySeparator": "\u0003",
    "dateSerializationFormat": "HIVE",
    "arrayMapFormat": "hive",
    "hiveSeparators": [
      "\u0002",
      "\u0003",
      "\u0004",
      "\u0005",
      "\u0006",
      "\u0007",
      "\b"
    ],
    "skipRowsBeforeHeader": 0,
    "parseHeaderRow": false,
    "skipRowsAfterHeader": 0,
    "probableNumberOfRecords": 0,
    "normalizeBooleans": false,
    "normalizeDoubles": true,
    "readAdditionalColumnsBehavior": "INSERT_IN_DATA_WARNING",
    "readMissingColumnsBehavior": "DISCARD_SILENT",
    "readDataTypeMismatchBehavior": "DISCARD_WARNING",
    "writeDataTypeMismatchBehavior": "DISCARD_WARNING",
    "fileReadFailureBehavior": "FAIL",
    "compress": ""
  },
  "partitioning": {
    "ignoreNonMatchingFile": false,
    "considerMissingRequestedPartitionsAsEmpty": false,
    "dimensions": []
  },
  "versionTag": {
    "versionNumber": 3,
    "lastModifiedBy": {
      "login": "nick"
    },
    "lastModifiedOn": 1626869976027
  },
  "creationTag": {
    "versionNumber": 0,
    "lastModifiedBy": {
      "login": "ririn.abeam"
    },
    "lastModifiedOn": 1626770504548
  },
  "tags": [],
  "params": {
    "metastoreSynchronizationEnabled": true,
    "hiveTableName": "sor_casa_td_trx_curr_debit",
    "connection": "hdfs_managed",
    "path": "/${projectKey}/sor_casa_td_trx_curr_debit",
    "notReadyIfEmpty": false,
    "filesSelectionRules": {
      "mode": "ALL",
      "excludeRules": [],
      "includeRules": [],
      "explicitFiles": []
    }
  },
  "schema": {
    "columns": [
      {
        "name": "acct_number",
        "type": "string"
      },
      {
        "name": "db_cred_cd",
        "type": "string"
      },
      {
        "name": "null_ccy_trans_amt_count",
        "type": "bigint"
      },
      {
        "name": "null_ccy_trans_amt_sum",
        "type": "double"
      },
      {
        "name": "2018-01-27_trans_amt_count",
        "type": "bigint"
      },
      {
        "name": "2018-01-27_trans_amt_sum",
        "type": "double"
      },
      {
        "name": "2018-02-27_trans_amt_count",
        "type": "bigint"
      },
      {
        "name": "2018-02-27_trans_amt_sum",
        "type": "double"
      },
      {
        "name": "2018-03-27_trans_amt_count",
        "type": "bigint"
      },
      {
        "name": "2018-03-27_trans_amt_sum",
        "type": "double"
      },
      {
        "name": "2018-05-25_trans_amt_count",
        "type": "bigint"
      },
      {
        "name": "2018-05-25_trans_amt_sum",
        "type": "double"
      },
      {
        "name": "2018-06-27_trans_amt_count",
        "type": "bigint"
      },
      {
        "name": "2018-06-27_trans_amt_sum",
        "type": "double"
      },
      {
        "name": "2018-09-27_trans_amt_count",
        "type": "bigint"
      },
      {
        "name": "2018-09-27_trans_amt_sum",
        "type": "double"
      },
      {
        "name": "aud_trans_amt_count",
        "type": "bigint"
      },
      {
        "name": "aud_trans_amt_sum",
        "type": "double"
      },
      {
        "name": "cad_trans_amt_count",
        "type": "bigint"
      },
      {
        "name": "cad_trans_amt_sum",
        "type": "double"
      },
      {
        "name": "chf_trans_amt_count",
        "type": "bigint"
      },
      {
        "name": "chf_trans_amt_sum",
        "type": "double"
      },
      {
        "name": "cny_trans_amt_count",
        "type": "bigint"
      },
      {
        "name": "cny_trans_amt_sum",
        "type": "double"
      },
      {
        "name": "eur_trans_amt_count",
        "type": "bigint"
      },
      {
        "name": "eur_trans_amt_sum",
        "type": "double"
      },
      {
        "name": "gbp_trans_amt_count",
        "type": "bigint"
      },
      {
        "name": "gbp_trans_amt_sum",
        "type": "double"
      },
      {
        "name": "hkd_trans_amt_count",
        "type": "bigint"
      },
      {
        "name": "hkd_trans_amt_sum",
        "type": "double"
      },
      {
        "name": "idr_trans_amt_count",
        "type": "bigint"
      },
      {
        "name": "idr_trans_amt_sum",
        "type": "double"
      },
      {
        "name": "jpy_trans_amt_count",
        "type": "bigint"
      },
      {
        "name": "jpy_trans_amt_sum",
        "type": "double"
      },
      {
        "name": "nzd_trans_amt_count",
        "type": "bigint"
      },
      {
        "name": "nzd_trans_amt_sum",
        "type": "double"
      },
      {
        "name": "sek_trans_amt_count",
        "type": "bigint"
      },
      {
        "name": "sek_trans_amt_sum",
        "type": "double"
      },
      {
        "name": "sgd_trans_amt_count",
        "type": "bigint"
      },
      {
        "name": "sgd_trans_amt_sum",
        "type": "double"
      },
      {
        "name": "usd_trans_amt_count",
        "type": "bigint"
      },
      {
        "name": "usd_trans_amt_sum",
        "type": "double"
      }
    ],
    "userModified": true
  },
  "dkuProperties": [],
  "metrics": {
    "probes": [
      {
        "type": "basic",
        "enabled": true,
        "computeOnBuildMode": "PARTITION",
        "meta": {
          "name": "Basic data",
          "level": 0
        },
        "configuration": {}
      },
      {
        "type": "records",
        "enabled": true,
        "computeOnBuildMode": "NO",
        "meta": {
          "name": "Record count",
          "level": 0
        },
        "configuration": {}
      }
    ],
    "engineConfig": {
      "padRunsWithMetrics": false,
      "hive": {
        "active": true,
        "extraConf": []
      },
      "basic": {},
      "dss": {
        "active": true,
        "selection": {
          "useMemTable": false,
          "filter": {
            "distinct": false,
            "enabled": false
          },
          "partitionSelectionMethod": "ALL",
          "latestPartitionsN": 1,
          "ordering": {
            "enabled": false,
            "rules": []
          },
          "samplingMethod": "FULL",
          "maxRecords": -1,
          "targetRatio": 0.02,
          "withinFirstN": -1,
          "maxReadUncompressedBytes": -1
        }
      },
      "sql": {
        "active": true
      },
      "impala": {
        "active": true
      },
      "spark": {
        "active": true,
        "extraConf": []
      },
      "python": {}
    },
    "displayedState": {
      "columns": [],
      "metrics": [
        "basic:COUNT_COLUMNS",
        "basic:COUNT_FILES",
        "basic:SIZE",
        "records:COUNT_RECORDS"
      ]
    }
  },
  "metricsChecks": {
    "runOnBuild": false,
    "checks": [],
    "displayedState": {
      "checks": []
    }
  },
  "customFields": {}
}