{
  "type": "HDFS",
  "managed": true,
  "formatType": "parquet",
  "checklists": {
    "checklists": []
  },
  "checks": [],
  "customMeta": {
    "kv": {}
  },
  "flowOptions": {
    "virtualizable": false,
    "rebuildBehavior": "NORMAL",
    "crossProjectBuildBehavior": "DEFAULT"
  },
  "readWriteOptions": {
    "preserveOrder": false,
    "writeBuckets": 1,
    "forceSingleOutputFile": false,
    "defaultReadOrdering": {
      "enabled": false,
      "rules": []
    }
  },
  "formatParams": {
    "parquetLowerCaseIdentifiers": false,
    "representsNullFields": false,
    "parquetCompressionMethod": "SNAPPY",
    "parquetFlavor": "HIVE",
    "parquetBlockSizeMB": 128
  },
  "partitioning": {
    "ignoreNonMatchingFile": false,
    "considerMissingRequestedPartitionsAsEmpty": false,
    "dimensions": []
  },
  "versionTag": {
    "versionNumber": 8,
    "lastModifiedBy": {
      "login": "nick"
    },
    "lastModifiedOn": 1626869738527
  },
  "creationTag": {
    "versionNumber": 0,
    "lastModifiedBy": {
      "login": "nick"
    },
    "lastModifiedOn": 1626352104729
  },
  "tags": [],
  "params": {
    "metastoreSynchronizationEnabled": true,
    "hiveTableName": "sor_casa_td_trx_curr",
    "connection": "hdfs_managed",
    "path": "/${projectKey}/sor_casa_td_trx_curr",
    "notReadyIfEmpty": false,
    "filesSelectionRules": {
      "mode": "ALL",
      "excludeRules": [],
      "includeRules": [],
      "explicitFiles": []
    }
  },
  "schema": {
    "columns": [
      {
        "name": "acct_number",
        "type": "string"
      },
      {
        "name": "db_cred_cd",
        "type": "string"
      },
      {
        "name": "null_ccy_trans_amt_count",
        "type": "bigint"
      },
      {
        "name": "null_ccy_trans_amt_sum",
        "type": "double"
      },
      {
        "name": "2018-01-27_trans_amt_count",
        "type": "bigint"
      },
      {
        "name": "2018-01-27_trans_amt_sum",
        "type": "double"
      },
      {
        "name": "2018-02-27_trans_amt_count",
        "type": "bigint"
      },
      {
        "name": "2018-02-27_trans_amt_sum",
        "type": "double"
      },
      {
        "name": "2018-03-27_trans_amt_count",
        "type": "bigint"
      },
      {
        "name": "2018-03-27_trans_amt_sum",
        "type": "double"
      },
      {
        "name": "2018-05-25_trans_amt_count",
        "type": "bigint"
      },
      {
        "name": "2018-05-25_trans_amt_sum",
        "type": "double"
      },
      {
        "name": "2018-06-27_trans_amt_count",
        "type": "bigint"
      },
      {
        "name": "2018-06-27_trans_amt_sum",
        "type": "double"
      },
      {
        "name": "2018-09-27_trans_amt_count",
        "type": "bigint"
      },
      {
        "name": "2018-09-27_trans_amt_sum",
        "type": "double"
      },
      {
        "name": "AUD_trans_amt_count",
        "type": "bigint"
      },
      {
        "name": "AUD_trans_amt_sum",
        "type": "double"
      },
      {
        "name": "CAD_trans_amt_count",
        "type": "bigint"
      },
      {
        "name": "CAD_trans_amt_sum",
        "type": "double"
      },
      {
        "name": "CHF_trans_amt_count",
        "type": "bigint"
      },
      {
        "name": "CHF_trans_amt_sum",
        "type": "double"
      },
      {
        "name": "CNY_trans_amt_count",
        "type": "bigint"
      },
      {
        "name": "CNY_trans_amt_sum",
        "type": "double"
      },
      {
        "name": "EUR_trans_amt_count",
        "type": "bigint"
      },
      {
        "name": "EUR_trans_amt_sum",
        "type": "double"
      },
      {
        "name": "GBP_trans_amt_count",
        "type": "bigint"
      },
      {
        "name": "GBP_trans_amt_sum",
        "type": "double"
      },
      {
        "name": "HKD_trans_amt_count",
        "type": "bigint"
      },
      {
        "name": "HKD_trans_amt_sum",
        "type": "double"
      },
      {
        "name": "IDR_trans_amt_count",
        "type": "bigint"
      },
      {
        "name": "IDR_trans_amt_sum",
        "type": "double"
      },
      {
        "name": "JPY_trans_amt_count",
        "type": "bigint"
      },
      {
        "name": "JPY_trans_amt_sum",
        "type": "double"
      },
      {
        "name": "NZD_trans_amt_count",
        "type": "bigint"
      },
      {
        "name": "NZD_trans_amt_sum",
        "type": "double"
      },
      {
        "name": "SEK_trans_amt_count",
        "type": "bigint"
      },
      {
        "name": "SEK_trans_amt_sum",
        "type": "double"
      },
      {
        "name": "SGD_trans_amt_count",
        "type": "bigint"
      },
      {
        "name": "SGD_trans_amt_sum",
        "type": "double"
      },
      {
        "name": "USD_trans_amt_count",
        "type": "bigint"
      },
      {
        "name": "USD_trans_amt_sum",
        "type": "double"
      }
    ],
    "userModified": false,
    "metadata": {
      "engineType": "SPARK",
      "pivotElementsModalities": [
        {
          "pivotElement": {
            "keyColumns": [
              "ccy"
            ],
            "valueLimit": "TOP_N",
            "topnLimit": 20,
            "minOccLimit": 0,
            "explicitValues": [],
            "globalCount": false,
            "valueColumns": [
              {
                "column": "trans_amt",
                "type": "double",
                "min": false,
                "max": false,
                "count": false,
                "countDistinct": false,
                "sum": true,
                "concat": false,
                "stddev": false,
                "avg": false,
                "sum2": false,
                "first": false,
                "last": false,
                "concatDistinct": false,
                "firstLastNotNull": false
              },
              {
                "column": "trans_amt",
                "type": "double",
                "min": false,
                "max": false,
                "count": true,
                "countDistinct": false,
                "sum": false,
                "concat": false,
                "stddev": false,
                "avg": false,
                "sum2": false,
                "first": false,
                "last": false,
                "concatDistinct": false,
                "firstLastNotNull": false
              }
            ]
          },
          "pivotedModalities": [
            {
              "keyValues": [
                null
              ],
              "name": "null_ccy",
              "valueColumns": [
                {
                  "source": "trans_amt",
                  "pivoted": "null_ccy_trans_amt"
                }
              ]
            },
            {
              "keyValues": [
                "2018-01-27"
              ],
              "name": "2018-01-27",
              "valueColumns": [
                {
                  "source": "trans_amt",
                  "pivoted": "2018-01-27_trans_amt"
                }
              ]
            },
            {
              "keyValues": [
                "2018-02-27"
              ],
              "name": "2018-02-27",
              "valueColumns": [
                {
                  "source": "trans_amt",
                  "pivoted": "2018-02-27_trans_amt"
                }
              ]
            },
            {
              "keyValues": [
                "2018-03-27"
              ],
              "name": "2018-03-27",
              "valueColumns": [
                {
                  "source": "trans_amt",
                  "pivoted": "2018-03-27_trans_amt"
                }
              ]
            },
            {
              "keyValues": [
                "2018-05-25"
              ],
              "name": "2018-05-25",
              "valueColumns": [
                {
                  "source": "trans_amt",
                  "pivoted": "2018-05-25_trans_amt"
                }
              ]
            },
            {
              "keyValues": [
                "2018-06-27"
              ],
              "name": "2018-06-27",
              "valueColumns": [
                {
                  "source": "trans_amt",
                  "pivoted": "2018-06-27_trans_amt"
                }
              ]
            },
            {
              "keyValues": [
                "2018-09-27"
              ],
              "name": "2018-09-27",
              "valueColumns": [
                {
                  "source": "trans_amt",
                  "pivoted": "2018-09-27_trans_amt"
                }
              ]
            },
            {
              "keyValues": [
                "AUD"
              ],
              "name": "AUD",
              "valueColumns": [
                {
                  "source": "trans_amt",
                  "pivoted": "AUD_trans_amt"
                }
              ]
            },
            {
              "keyValues": [
                "CAD"
              ],
              "name": "CAD",
              "valueColumns": [
                {
                  "source": "trans_amt",
                  "pivoted": "CAD_trans_amt"
                }
              ]
            },
            {
              "keyValues": [
                "CHF"
              ],
              "name": "CHF",
              "valueColumns": [
                {
                  "source": "trans_amt",
                  "pivoted": "CHF_trans_amt"
                }
              ]
            },
            {
              "keyValues": [
                "CNY"
              ],
              "name": "CNY",
              "valueColumns": [
                {
                  "source": "trans_amt",
                  "pivoted": "CNY_trans_amt"
                }
              ]
            },
            {
              "keyValues": [
                "EUR"
              ],
              "name": "EUR",
              "valueColumns": [
                {
                  "source": "trans_amt",
                  "pivoted": "EUR_trans_amt"
                }
              ]
            },
            {
              "keyValues": [
                "GBP"
              ],
              "name": "GBP",
              "valueColumns": [
                {
                  "source": "trans_amt",
                  "pivoted": "GBP_trans_amt"
                }
              ]
            },
            {
              "keyValues": [
                "HKD"
              ],
              "name": "HKD",
              "valueColumns": [
                {
                  "source": "trans_amt",
                  "pivoted": "HKD_trans_amt"
                }
              ]
            },
            {
              "keyValues": [
                "IDR"
              ],
              "name": "IDR",
              "valueColumns": [
                {
                  "source": "trans_amt",
                  "pivoted": "IDR_trans_amt"
                }
              ]
            },
            {
              "keyValues": [
                "JPY"
              ],
              "name": "JPY",
              "valueColumns": [
                {
                  "source": "trans_amt",
                  "pivoted": "JPY_trans_amt"
                }
              ]
            },
            {
              "keyValues": [
                "NZD"
              ],
              "name": "NZD",
              "valueColumns": [
                {
                  "source": "trans_amt",
                  "pivoted": "NZD_trans_amt"
                }
              ]
            },
            {
              "keyValues": [
                "SEK"
              ],
              "name": "SEK",
              "valueColumns": [
                {
                  "source": "trans_amt",
                  "pivoted": "SEK_trans_amt"
                }
              ]
            },
            {
              "keyValues": [
                "SGD"
              ],
              "name": "SGD",
              "valueColumns": [
                {
                  "source": "trans_amt",
                  "pivoted": "SGD_trans_amt"
                }
              ]
            },
            {
              "keyValues": [
                "USD"
              ],
              "name": "USD",
              "valueColumns": [
                {
                  "source": "trans_amt",
                  "pivoted": "USD_trans_amt"
                }
              ]
            }
          ]
        }
      ]
    }
  },
  "dkuProperties": [],
  "metrics": {
    "probes": [
      {
        "type": "basic",
        "enabled": true,
        "computeOnBuildMode": "PARTITION",
        "meta": {
          "name": "Basic data",
          "level": 0
        },
        "configuration": {}
      },
      {
        "type": "records",
        "enabled": true,
        "computeOnBuildMode": "NO",
        "meta": {
          "name": "Record count",
          "level": 0
        },
        "configuration": {}
      }
    ],
    "engineConfig": {
      "padRunsWithMetrics": false,
      "hive": {
        "active": true,
        "extraConf": []
      },
      "basic": {},
      "dss": {
        "active": true,
        "selection": {
          "useMemTable": false,
          "filter": {
            "distinct": false,
            "enabled": false
          },
          "partitionSelectionMethod": "ALL",
          "latestPartitionsN": 1,
          "ordering": {
            "enabled": false,
            "rules": []
          },
          "samplingMethod": "FULL",
          "maxRecords": -1,
          "targetRatio": 0.02,
          "withinFirstN": -1,
          "maxReadUncompressedBytes": -1
        }
      },
      "sql": {
        "active": true
      },
      "impala": {
        "active": true
      },
      "spark": {
        "active": true,
        "extraConf": []
      },
      "python": {}
    },
    "displayedState": {
      "columns": [],
      "metrics": [
        "basic:COUNT_COLUMNS",
        "basic:COUNT_FILES",
        "basic:SIZE",
        "records:COUNT_RECORDS"
      ]
    }
  },
  "metricsChecks": {
    "runOnBuild": false,
    "checks": [],
    "displayedState": {
      "checks": []
    }
  },
  "customFields": {}
}