{
  "discussions": [
    {
      "id": "GLHxc5Sc",
      "objectId": "BANKCUSTOMERSEGMENTATION",
      "objectType": "PROJECT",
      "topic": "Leading Zeros",
      "lastReplyTime": 1626928414045,
      "users": {
        "nick": {
          "login": "nick",
          "lastReplyTime": 1626869536818,
          "lastReadTime": 1626942433456
        },
        "ririn.abeam": {
          "login": "ririn.abeam",
          "lastReplyTime": 1626928414045,
          "lastReadTime": 1626928415615
        }
      },
      "closedOn": 0,
      "closedBy": "",
      "replies": [
        {
          "id": "hNAATAd0",
          "text": "@nick okay noted ",
          "author": "ririn.abeam",
          "time": 1626928414045,
          "editedOn": 0
        },
        {
          "id": "i0groO02",
          "text": "@ririn.abeam  Hi Ririn, there are some files that were recently uploaded (\"latest\") where the leading zeros were removed during upload.  Hopefully it doesn\u0027t affect your workflow, but please double check!",
          "author": "nick",
          "time": 1626869536818,
          "editedOn": 1626869564507
        }
      ]
    },
    {
      "id": "joIHkA8s",
      "objectId": "BANKCUSTOMERSEGMENTATION",
      "objectType": "PROJECT",
      "topic": "Dashboard building",
      "lastReplyTime": 1627292032357,
      "users": {
        "nick": {
          "login": "nick",
          "lastReplyTime": 1627271393692,
          "lastReadTime": 1627292047729
        },
        "denny.abeam": {
          "login": "denny.abeam",
          "lastReplyTime": 1627268385033,
          "lastReadTime": 1627268386543
        },
        "ririn.abeam": {
          "login": "ririn.abeam",
          "lastReplyTime": 1627292032357,
          "lastReadTime": 1627292033902
        }
      },
      "closedOn": 0,
      "closedBy": "",
      "replies": [
        {
          "id": "YUojmKLr",
          "text": "Portfolio dashboard  is also done",
          "author": "ririn.abeam",
          "time": 1627292032357,
          "editedOn": 0
        },
        {
          "id": "YuHszA38",
          "text": "@ririn.abeam is working on the Portfolio.  Segmentation and Xsell is done",
          "author": "nick",
          "time": 1627271393692,
          "editedOn": 0
        },
        {
          "id": "nj1Q9jS5",
          "text": "Do we have the dashboard ready for portfolio, segmentation, and Xsell?",
          "author": "denny.abeam",
          "time": 1627268385033,
          "editedOn": 0
        }
      ]
    }
  ]
}