{
  "pages": [
    {
      "id": "tjV5MRQ",
      "grid": {
        "tiles": [
          {
            "tileType": "TEXT",
            "box": {
              "top": 0,
              "left": 0,
              "width": 12,
              "height": 1
            },
            "clickAction": "DO_NOTHING",
            "tileParams": {
              "text": "#CUSTOMER DEMOGRAPHY",
              "textAlign": "LEFT",
              "isTransparent": false
            },
            "autoLoad": true,
            "showTitle": "NO",
            "displayMode": "INSIGHT",
            "resizeImageMode": "FIT_SIZE"
          },
          {
            "tileType": "INSIGHT",
            "box": {
              "top": 1,
              "left": 0,
              "width": 3,
              "height": 2
            },
            "clickAction": "OPEN_INSIGHT",
            "tileParams": {
              "displayMode": "LAST_VALUE"
            },
            "autoLoad": true,
            "showTitle": "YES",
            "title": "Number of Customer",
            "insightId": "h8iGb56",
            "insightType": "metrics",
            "displayMode": "INSIGHT",
            "resizeImageMode": "FIT_SIZE"
          },
          {
            "tileType": "INSIGHT",
            "box": {
              "top": 3,
              "left": 4,
              "width": 8,
              "height": 3
            },
            "clickAction": "OPEN_INSIGHT",
            "tileParams": {
              "showXAxis": true,
              "showYAxis": true,
              "showLegend": false,
              "showTooltips": true,
              "autoPlayAnimation": true
            },
            "autoLoad": true,
            "showTitle": "YES",
            "title": "Age Distribution",
            "insightId": "Xi56XvO",
            "insightType": "chart",
            "displayMode": "INSIGHT",
            "resizeImageMode": "FIT_SIZE"
          },
          {
            "tileType": "INSIGHT",
            "box": {
              "top": 9,
              "left": 0,
              "width": 4,
              "height": 3
            },
            "clickAction": "OPEN_INSIGHT",
            "tileParams": {
              "showXAxis": true,
              "showYAxis": true,
              "showLegend": false,
              "showTooltips": true,
              "autoPlayAnimation": true
            },
            "autoLoad": true,
            "showTitle": "YES",
            "title": "Last Education Level",
            "insightId": "KTkMkjE",
            "insightType": "chart",
            "displayMode": "INSIGHT",
            "resizeImageMode": "FIT_SIZE"
          },
          {
            "tileType": "INSIGHT",
            "box": {
              "top": 12,
              "left": 0,
              "width": 4,
              "height": 3
            },
            "clickAction": "OPEN_INSIGHT",
            "tileParams": {
              "showXAxis": true,
              "showYAxis": true,
              "showLegend": false,
              "showTooltips": true,
              "autoPlayAnimation": true
            },
            "autoLoad": true,
            "showTitle": "YES",
            "title": "Religion",
            "insightId": "rMIPJgg",
            "insightType": "chart",
            "displayMode": "INSIGHT",
            "resizeImageMode": "FIT_SIZE"
          },
          {
            "tileType": "INSIGHT",
            "box": {
              "top": 9,
              "left": 4,
              "width": 8,
              "height": 3
            },
            "clickAction": "OPEN_INSIGHT",
            "tileParams": {
              "showXAxis": true,
              "showYAxis": true,
              "showLegend": false,
              "showTooltips": true,
              "autoPlayAnimation": true
            },
            "autoLoad": true,
            "showTitle": "YES",
            "title": "Last Education Level and Gender",
            "insightId": "tYbx1NI",
            "insightType": "chart",
            "displayMode": "INSIGHT",
            "resizeImageMode": "FIT_SIZE"
          },
          {
            "tileType": "INSIGHT",
            "box": {
              "top": 3,
              "left": 0,
              "width": 4,
              "height": 3
            },
            "clickAction": "OPEN_INSIGHT",
            "tileParams": {
              "showXAxis": true,
              "showYAxis": true,
              "showLegend": false,
              "showTooltips": true,
              "autoPlayAnimation": true
            },
            "autoLoad": true,
            "showTitle": "YES",
            "title": "Gender",
            "insightId": "ERPKRnK",
            "insightType": "chart",
            "displayMode": "INSIGHT",
            "resizeImageMode": "FIT_SIZE"
          },
          {
            "tileType": "INSIGHT",
            "box": {
              "top": 6,
              "left": 0,
              "width": 4,
              "height": 3
            },
            "clickAction": "OPEN_INSIGHT",
            "tileParams": {
              "showXAxis": true,
              "showYAxis": true,
              "showLegend": false,
              "showTooltips": true,
              "autoPlayAnimation": true
            },
            "autoLoad": true,
            "showTitle": "YES",
            "title": "Marital Status",
            "insightId": "PIaylUA",
            "insightType": "chart",
            "displayMode": "INSIGHT",
            "resizeImageMode": "FIT_SIZE"
          },
          {
            "tileType": "INSIGHT",
            "box": {
              "top": 12,
              "left": 4,
              "width": 8,
              "height": 3
            },
            "clickAction": "OPEN_INSIGHT",
            "tileParams": {
              "showXAxis": true,
              "showYAxis": true,
              "showLegend": false,
              "showTooltips": true,
              "autoPlayAnimation": true
            },
            "autoLoad": true,
            "showTitle": "YES",
            "title": "Permanent Residence by Generation Group",
            "insightId": "bQtD9Zt",
            "insightType": "chart",
            "displayMode": "INSIGHT",
            "resizeImageMode": "FIT_SIZE"
          },
          {
            "tileType": "INSIGHT",
            "box": {
              "top": 6,
              "left": 4,
              "width": 8,
              "height": 3
            },
            "clickAction": "OPEN_INSIGHT",
            "tileParams": {
              "showXAxis": true,
              "showYAxis": true,
              "showLegend": false,
              "showTooltips": true,
              "autoPlayAnimation": true
            },
            "autoLoad": true,
            "showTitle": "YES",
            "title": "Vintage Year by Generation",
            "insightId": "JDKSheo",
            "insightType": "chart",
            "displayMode": "INSIGHT",
            "resizeImageMode": "FIT_SIZE"
          },
          {
            "tileType": "INSIGHT",
            "box": {
              "top": 1,
              "left": 3,
              "width": 9,
              "height": 2
            },
            "clickAction": "OPEN_INSIGHT",
            "tileParams": {
              "showXAxis": true,
              "showYAxis": false,
              "showLegend": false,
              "showTooltips": true,
              "autoPlayAnimation": true
            },
            "autoLoad": true,
            "showTitle": "YES",
            "title": "Customers by Age and Gender",
            "insightId": "np4TPh6",
            "insightType": "chart",
            "displayMode": "INSIGHT",
            "resizeImageMode": "FIT_SIZE"
          }
        ]
      },
      "title": "Customer Demography",
      "showTitle": false
    },
    {
      "id": "qk91Sqy",
      "grid": {
        "tiles": [
          {
            "tileType": "TEXT",
            "box": {
              "top": 0,
              "left": 0,
              "width": 12,
              "height": 1
            },
            "clickAction": "DO_NOTHING",
            "tileParams": {
              "text": "#PORTFOLIO",
              "textAlign": "LEFT",
              "isTransparent": false
            },
            "autoLoad": true,
            "showTitle": "NO",
            "displayMode": "INSIGHT",
            "resizeImageMode": "FIT_SIZE"
          },
          {
            "tileType": "INSIGHT",
            "box": {
              "top": 36,
              "left": 0,
              "width": 6,
              "height": 3
            },
            "clickAction": "OPEN_INSIGHT",
            "tileParams": {
              "showXAxis": true,
              "showYAxis": true,
              "showLegend": false,
              "showTooltips": true,
              "autoPlayAnimation": true
            },
            "autoLoad": true,
            "showTitle": "YES",
            "title": "Personal Loan Count by Age Group",
            "insightId": "hfr4izj",
            "insightType": "chart",
            "displayMode": "INSIGHT",
            "resizeImageMode": "FIT_SIZE"
          },
          {
            "tileType": "INSIGHT",
            "box": {
              "top": 10,
              "left": 7,
              "width": 5,
              "height": 4
            },
            "clickAction": "OPEN_INSIGHT",
            "tileParams": {
              "showXAxis": true,
              "showYAxis": true,
              "showLegend": false,
              "showTooltips": true,
              "autoPlayAnimation": true
            },
            "autoLoad": true,
            "showTitle": "YES",
            "title": "Current Balance Average by Generation Group",
            "insightId": "pPhP5cc",
            "insightType": "chart",
            "displayMode": "INSIGHT",
            "resizeImageMode": "FIT_SIZE"
          },
          {
            "tileType": "INSIGHT",
            "box": {
              "top": 34,
              "left": 6,
              "width": 6,
              "height": 3
            },
            "clickAction": "OPEN_INSIGHT",
            "tileParams": {
              "showXAxis": true,
              "showYAxis": true,
              "showLegend": false,
              "showTooltips": true,
              "autoPlayAnimation": true
            },
            "autoLoad": true,
            "showTitle": "YES",
            "title": "Mortgage Count by Age Group",
            "insightId": "JmQX6Xk",
            "insightType": "chart",
            "displayMode": "INSIGHT",
            "resizeImageMode": "FIT_SIZE"
          },
          {
            "tileType": "INSIGHT",
            "box": {
              "top": 21,
              "left": 8,
              "width": 4,
              "height": 3
            },
            "clickAction": "OPEN_INSIGHT",
            "tileParams": {
              "showXAxis": true,
              "showYAxis": true,
              "showLegend": false,
              "showTooltips": true,
              "autoPlayAnimation": true
            },
            "autoLoad": true,
            "showTitle": "YES",
            "title": "Available Credit Amount by Generation Group",
            "insightId": "9anD3dh",
            "insightType": "chart",
            "displayMode": "INSIGHT",
            "resizeImageMode": "FIT_SIZE"
          },
          {
            "tileType": "INSIGHT",
            "box": {
              "top": 21,
              "left": 3,
              "width": 5,
              "height": 3
            },
            "clickAction": "OPEN_INSIGHT",
            "tileParams": {
              "showXAxis": true,
              "showYAxis": true,
              "showLegend": false,
              "showTooltips": true,
              "autoPlayAnimation": true
            },
            "autoLoad": true,
            "showTitle": "YES",
            "title": "Total Amount of Credit Card Transaction by Age Group",
            "insightId": "vu4yCnz",
            "insightType": "chart",
            "displayMode": "INSIGHT",
            "resizeImageMode": "FIT_SIZE"
          },
          {
            "tileType": "INSIGHT",
            "box": {
              "top": 24,
              "left": 0,
              "width": 6,
              "height": 3
            },
            "clickAction": "OPEN_INSIGHT",
            "tileParams": {
              "showXAxis": true,
              "showYAxis": true,
              "showLegend": false,
              "showTooltips": true,
              "autoPlayAnimation": true
            },
            "autoLoad": true,
            "showTitle": "YES",
            "title": "Average of Total Credit Card Transaction by Number of Cards",
            "insightId": "Rca5b32",
            "insightType": "chart",
            "displayMode": "INSIGHT",
            "resizeImageMode": "FIT_SIZE"
          },
          {
            "tileType": "INSIGHT",
            "box": {
              "top": 14,
              "left": 0,
              "width": 12,
              "height": 3
            },
            "clickAction": "OPEN_INSIGHT",
            "tileParams": {
              "showXAxis": true,
              "showYAxis": true,
              "showLegend": false,
              "showTooltips": true,
              "autoPlayAnimation": true
            },
            "autoLoad": true,
            "showTitle": "YES",
            "title": "Average of Credit and Debit Count by Vintage Year",
            "insightId": "B9YtZrj",
            "insightType": "chart",
            "displayMode": "INSIGHT",
            "resizeImageMode": "FIT_SIZE"
          },
          {
            "tileType": "TEXT",
            "box": {
              "top": 7,
              "left": 0,
              "width": 12,
              "height": 1
            },
            "clickAction": "DO_NOTHING",
            "tileParams": {
              "text": "##CASA CUSTOMER",
              "textAlign": "LEFT",
              "isTransparent": false
            },
            "autoLoad": true,
            "showTitle": "NO",
            "displayMode": "INSIGHT",
            "resizeImageMode": "FIT_SIZE"
          },
          {
            "tileType": "INSIGHT",
            "box": {
              "top": 8,
              "left": 0,
              "width": 3,
              "height": 2
            },
            "clickAction": "OPEN_INSIGHT",
            "tileParams": {
              "displayMode": "LAST_VALUE"
            },
            "autoLoad": true,
            "showTitle": "YES",
            "title": "Number of CASA Customer",
            "insightId": "WseOl7D",
            "insightType": "metrics",
            "displayMode": "INSIGHT",
            "resizeImageMode": "FIT_SIZE"
          },
          {
            "tileType": "INSIGHT",
            "box": {
              "top": 24,
              "left": 6,
              "width": 6,
              "height": 3
            },
            "clickAction": "OPEN_INSIGHT",
            "tileParams": {
              "showXAxis": true,
              "showYAxis": true,
              "showLegend": false,
              "showTooltips": true,
              "autoPlayAnimation": true
            },
            "autoLoad": true,
            "showTitle": "YES",
            "title": "Credit Card Count per Generation Group",
            "insightId": "dQcSf2j",
            "insightType": "chart",
            "displayMode": "INSIGHT",
            "resizeImageMode": "FIT_SIZE"
          },
          {
            "tileType": "INSIGHT",
            "box": {
              "top": 8,
              "left": 3,
              "width": 3,
              "height": 2
            },
            "clickAction": "OPEN_INSIGHT",
            "tileParams": {
              "displayMode": "LAST_VALUE"
            },
            "autoLoad": true,
            "showTitle": "YES",
            "title": "Number of Credit Transaction",
            "insightId": "tFjVkLZ",
            "insightType": "metrics",
            "displayMode": "INSIGHT",
            "resizeImageMode": "FIT_SIZE"
          },
          {
            "tileType": "INSIGHT",
            "box": {
              "top": 8,
              "left": 6,
              "width": 3,
              "height": 2
            },
            "clickAction": "OPEN_INSIGHT",
            "tileParams": {
              "displayMode": "LAST_VALUE"
            },
            "autoLoad": true,
            "showTitle": "YES",
            "title": "Number of Debit Transaction",
            "insightId": "F9nkfaf",
            "insightType": "metrics",
            "displayMode": "INSIGHT",
            "resizeImageMode": "FIT_SIZE"
          },
          {
            "tileType": "INSIGHT",
            "box": {
              "top": 8,
              "left": 9,
              "width": 3,
              "height": 2
            },
            "clickAction": "OPEN_INSIGHT",
            "tileParams": {
              "displayMode": "LAST_VALUE"
            },
            "autoLoad": true,
            "showTitle": "YES",
            "title": "Average Balance in Last 1 Month per Customer",
            "insightId": "cR7KyVZ",
            "insightType": "metrics",
            "displayMode": "INSIGHT",
            "resizeImageMode": "FIT_SIZE"
          },
          {
            "tileType": "INSIGHT",
            "box": {
              "top": 17,
              "left": 0,
              "width": 6,
              "height": 3
            },
            "clickAction": "OPEN_INSIGHT",
            "tileParams": {
              "showXAxis": false,
              "showYAxis": true,
              "showLegend": false,
              "showTooltips": true,
              "autoPlayAnimation": true
            },
            "autoLoad": true,
            "showTitle": "YES",
            "title": "Average of Weekday vs Weekend Credit Transaction by Generation Group",
            "insightId": "ylCPWuk",
            "insightType": "chart",
            "displayMode": "INSIGHT",
            "resizeImageMode": "FIT_SIZE"
          },
          {
            "tileType": "INSIGHT",
            "box": {
              "top": 1,
              "left": 6,
              "width": 6,
              "height": 3
            },
            "clickAction": "OPEN_INSIGHT",
            "tileParams": {
              "showXAxis": true,
              "showYAxis": true,
              "showLegend": false,
              "showTooltips": true,
              "autoPlayAnimation": true
            },
            "autoLoad": true,
            "showTitle": "YES",
            "title": "Product by Vintage Year",
            "insightId": "VRsxe9i",
            "insightType": "chart",
            "displayMode": "INSIGHT",
            "resizeImageMode": "FIT_SIZE"
          },
          {
            "tileType": "TEXT",
            "box": {
              "top": 20,
              "left": 0,
              "width": 12,
              "height": 1
            },
            "clickAction": "DO_NOTHING",
            "tileParams": {
              "text": "##CREDIT CARD CUSTOMER",
              "textAlign": "LEFT",
              "isTransparent": false
            },
            "autoLoad": true,
            "showTitle": "NO",
            "displayMode": "INSIGHT",
            "resizeImageMode": "FIT_SIZE"
          },
          {
            "tileType": "TEXT",
            "box": {
              "top": 27,
              "left": 0,
              "width": 12,
              "height": 1
            },
            "clickAction": "DO_NOTHING",
            "tileParams": {
              "text": "##TIME DEPOSIT CUSTOMER",
              "textAlign": "LEFT",
              "isTransparent": false
            },
            "autoLoad": true,
            "showTitle": "NO",
            "displayMode": "INSIGHT",
            "resizeImageMode": "FIT_SIZE"
          },
          {
            "tileType": "TEXT",
            "box": {
              "top": 33,
              "left": 0,
              "width": 12,
              "height": 1
            },
            "clickAction": "DO_NOTHING",
            "tileParams": {
              "text": "##LOAN CUSTOMER",
              "textAlign": "LEFT",
              "isTransparent": false
            },
            "autoLoad": true,
            "showTitle": "NO",
            "displayMode": "INSIGHT",
            "resizeImageMode": "FIT_SIZE"
          },
          {
            "tileType": "INSIGHT",
            "box": {
              "top": 21,
              "left": 0,
              "width": 3,
              "height": 3
            },
            "clickAction": "OPEN_INSIGHT",
            "tileParams": {
              "displayMode": "LAST_VALUE"
            },
            "autoLoad": true,
            "showTitle": "YES",
            "title": "Number of CC Customer",
            "insightId": "zyrFKyd",
            "insightType": "metrics",
            "displayMode": "INSIGHT",
            "resizeImageMode": "FIT_SIZE"
          },
          {
            "tileType": "INSIGHT",
            "box": {
              "top": 34,
              "left": 0,
              "width": 3,
              "height": 2
            },
            "clickAction": "OPEN_INSIGHT",
            "tileParams": {
              "displayMode": "LAST_VALUE"
            },
            "autoLoad": true,
            "showTitle": "YES",
            "title": "Number of PL Customer",
            "insightId": "6oGexy7",
            "insightType": "metrics",
            "displayMode": "INSIGHT",
            "resizeImageMode": "FIT_SIZE"
          },
          {
            "tileType": "INSIGHT",
            "box": {
              "top": 34,
              "left": 3,
              "width": 3,
              "height": 2
            },
            "clickAction": "OPEN_INSIGHT",
            "tileParams": {
              "displayMode": "LAST_VALUE"
            },
            "autoLoad": true,
            "showTitle": "YES",
            "title": "Number of Mortgage Customer",
            "insightId": "xf0Ap1m",
            "insightType": "metrics",
            "displayMode": "INSIGHT",
            "resizeImageMode": "FIT_SIZE"
          },
          {
            "tileType": "INSIGHT",
            "box": {
              "top": 17,
              "left": 6,
              "width": 6,
              "height": 3
            },
            "clickAction": "OPEN_INSIGHT",
            "tileParams": {
              "showXAxis": false,
              "showYAxis": true,
              "showLegend": false,
              "showTooltips": true,
              "autoPlayAnimation": true
            },
            "autoLoad": true,
            "showTitle": "YES",
            "title": "Average of Weekday vs Weekend Debit Transaction by Generation Group",
            "insightId": "O4hTWEM",
            "insightType": "chart",
            "displayMode": "INSIGHT",
            "resizeImageMode": "FIT_SIZE"
          },
          {
            "tileType": "INSIGHT",
            "box": {
              "top": 28,
              "left": 6,
              "width": 6,
              "height": 5
            },
            "clickAction": "OPEN_INSIGHT",
            "tileParams": {
              "showXAxis": true,
              "showYAxis": true,
              "showLegend": false,
              "showTooltips": true,
              "autoPlayAnimation": true
            },
            "autoLoad": true,
            "showTitle": "YES",
            "title": "Time Deposit Account by Generation Group",
            "insightId": "8SXpCCF",
            "insightType": "chart",
            "displayMode": "INSIGHT",
            "resizeImageMode": "FIT_SIZE"
          },
          {
            "tileType": "INSIGHT",
            "box": {
              "top": 10,
              "left": 0,
              "width": 7,
              "height": 4
            },
            "clickAction": "OPEN_INSIGHT",
            "tileParams": {
              "showXAxis": true,
              "showYAxis": true,
              "showLegend": false,
              "showTooltips": true,
              "autoPlayAnimation": true
            },
            "autoLoad": true,
            "showTitle": "YES",
            "title": "CASA Count by Economic Sector",
            "insightId": "mlvDtDm",
            "insightType": "chart",
            "displayMode": "INSIGHT",
            "resizeImageMode": "FIT_SIZE"
          },
          {
            "tileType": "INSIGHT",
            "box": {
              "top": 1,
              "left": 3,
              "width": 3,
              "height": 2
            },
            "clickAction": "OPEN_INSIGHT",
            "tileParams": {
              "displayMode": "LAST_VALUE"
            },
            "autoLoad": true,
            "showTitle": "YES",
            "title": "Product Holding per Customer",
            "insightId": "9bsWnkC",
            "insightType": "metrics",
            "displayMode": "INSIGHT",
            "resizeImageMode": "FIT_SIZE"
          },
          {
            "tileType": "INSIGHT",
            "box": {
              "top": 1,
              "left": 0,
              "width": 3,
              "height": 2
            },
            "clickAction": "OPEN_INSIGHT",
            "tileParams": {
              "displayMode": "LAST_VALUE"
            },
            "autoLoad": true,
            "showTitle": "YES",
            "title": "Number of Customer",
            "insightId": "HLZGxDi",
            "insightType": "metrics",
            "displayMode": "INSIGHT",
            "resizeImageMode": "FIT_SIZE"
          },
          {
            "tileType": "INSIGHT",
            "box": {
              "top": 4,
              "left": 6,
              "width": 6,
              "height": 3
            },
            "clickAction": "OPEN_INSIGHT",
            "tileParams": {
              "showXAxis": true,
              "showYAxis": true,
              "showLegend": false,
              "showTooltips": true,
              "autoPlayAnimation": true
            },
            "autoLoad": true,
            "showTitle": "YES",
            "title": "Products by Generation Group",
            "insightId": "WpcxZAH",
            "insightType": "chart",
            "displayMode": "INSIGHT",
            "resizeImageMode": "FIT_SIZE"
          },
          {
            "tileType": "INSIGHT",
            "box": {
              "top": 3,
              "left": 0,
              "width": 6,
              "height": 4
            },
            "clickAction": "OPEN_INSIGHT",
            "tileParams": {
              "showXAxis": true,
              "showYAxis": true,
              "showLegend": false,
              "showTooltips": true,
              "autoPlayAnimation": true
            },
            "autoLoad": true,
            "showTitle": "YES",
            "title": "Product Holding",
            "insightId": "WCEWjP8",
            "insightType": "chart",
            "displayMode": "INSIGHT",
            "resizeImageMode": "FIT_SIZE"
          },
          {
            "tileType": "INSIGHT",
            "box": {
              "top": 30,
              "left": 0,
              "width": 6,
              "height": 3
            },
            "clickAction": "OPEN_INSIGHT",
            "tileParams": {
              "showXAxis": true,
              "showYAxis": true,
              "showLegend": false,
              "showTooltips": true,
              "autoPlayAnimation": true
            },
            "autoLoad": true,
            "showTitle": "YES",
            "title": "TD Count and Current Cash Value by Vintage Year",
            "insightId": "wkzHBDh",
            "insightType": "chart",
            "displayMode": "INSIGHT",
            "resizeImageMode": "FIT_SIZE"
          },
          {
            "tileType": "INSIGHT",
            "box": {
              "top": 28,
              "left": 3,
              "width": 3,
              "height": 2
            },
            "clickAction": "OPEN_INSIGHT",
            "tileParams": {
              "displayMode": "LAST_VALUE"
            },
            "autoLoad": true,
            "showTitle": "YES",
            "title": "Total TD Current Cash Value",
            "insightId": "Hz67o4Y",
            "insightType": "metrics",
            "displayMode": "INSIGHT",
            "resizeImageMode": "FIT_SIZE"
          },
          {
            "tileType": "INSIGHT",
            "box": {
              "top": 28,
              "left": 0,
              "width": 3,
              "height": 2
            },
            "clickAction": "OPEN_INSIGHT",
            "tileParams": {
              "displayMode": "LAST_VALUE"
            },
            "autoLoad": true,
            "showTitle": "YES",
            "title": "Number of TD Customer",
            "insightId": "hkY1af7",
            "insightType": "metrics",
            "displayMode": "INSIGHT",
            "resizeImageMode": "FIT_SIZE"
          }
        ]
      },
      "title": "Portfolio",
      "showTitle": false
    },
    {
      "id": "bzg5EUd",
      "grid": {
        "tiles": [
          {
            "tileType": "INSIGHT",
            "box": {
              "top": 1,
              "left": 0,
              "width": 5,
              "height": 2
            },
            "clickAction": "OPEN_INSIGHT",
            "tileParams": {
              "displayMode": "LAST_VALUE"
            },
            "autoLoad": true,
            "showTitle": "YES",
            "title": "Number of Customers in Test Dataset",
            "insightId": "oA9I0n9",
            "insightType": "metrics",
            "displayMode": "INSIGHT",
            "resizeImageMode": "FIT_SIZE"
          },
          {
            "tileType": "INSIGHT",
            "box": {
              "top": 3,
              "left": 0,
              "width": 5,
              "height": 4
            },
            "clickAction": "OPEN_INSIGHT",
            "tileParams": {
              "showXAxis": true,
              "showYAxis": true,
              "showLegend": false,
              "showTooltips": true,
              "autoPlayAnimation": true
            },
            "autoLoad": true,
            "showTitle": "YES",
            "title": "Proportion of Predictions",
            "insightId": "zBZYgZ5",
            "insightType": "chart",
            "displayMode": "INSIGHT",
            "resizeImageMode": "FIT_SIZE"
          },
          {
            "tileType": "INSIGHT",
            "box": {
              "top": 7,
              "left": 5,
              "width": 7,
              "height": 5
            },
            "clickAction": "DO_NOTHING",
            "tileParams": {
              "displayMode": "variables_importance",
              "advancedOptions": {
                "interactiveScoring": {
                  "featuresOrder": [
                    "last_education_lvl_desc",
                    "vintage_year_group",
                    "generation_group",
                    "religion_desc",
                    "avg_bal_last_1_month",
                    "curr_bal_avg",
                    "age_group",
                    "balance_change_lastperiod_avg",
                    "permanent_residence",
                    "city_of_birth",
                    "gender",
                    "debit_trans_amt_min",
                    "debit_trans_amt_max",
                    "debit_idr_trans_amt_sum",
                    "debit_weekday_trans_amt_sum",
                    "credit_trans_amt_max",
                    "days_since_last_debit_avg",
                    "days_btw_first_and_last_debit_avg",
                    "marital_status_desc",
                    "credit_trans_amt_min",
                    "credit_idr_trans_amt_sum",
                    "debit_weekday_trans_count",
                    "debit_idr_trans_count",
                    "debit_trans_count",
                    "debit_weekend_trans_amt_sum",
                    "credit_weekday_trans_amt_sum",
                    "days_since_last_credit_avg",
                    "debit_weekend_trans_count",
                    "credit_idr_trans_count",
                    "credit_trans_count",
                    "credit_weekday_trans_count",
                    "days_btw_first_and_last_credit_avg",
                    "nationality_cd",
                    "foreign_ccy_debit_count",
                    "credit_weekend_trans_amt_sum",
                    "credit_weekend_trans_count",
                    "foreign_ccy_credit_count"
                  ]
                }
              }
            },
            "autoLoad": true,
            "showTitle": "YES",
            "title": "Variable Importance",
            "insightId": "8A3Z0yh",
            "insightType": "saved-model_report",
            "displayMode": "INSIGHT",
            "resizeImageMode": "FIT_SIZE"
          },
          {
            "tileType": "INSIGHT",
            "box": {
              "top": 1,
              "left": 5,
              "width": 7,
              "height": 6
            },
            "clickAction": "OPEN_INSIGHT",
            "tileParams": {
              "showXAxis": true,
              "showYAxis": true,
              "showLegend": false,
              "showTooltips": true,
              "autoPlayAnimation": true
            },
            "autoLoad": true,
            "showTitle": "YES",
            "title": "Customer Scores for each Product",
            "insightId": "XyrzbcL",
            "insightType": "chart",
            "displayMode": "INSIGHT",
            "resizeImageMode": "FIT_SIZE"
          },
          {
            "tileType": "TEXT",
            "box": {
              "top": 0,
              "left": 0,
              "width": 12,
              "height": 1
            },
            "clickAction": "DO_NOTHING",
            "tileParams": {
              "text": "#CROSS-SELL MODEL\n#### USING MULTI-CLASSIFICATION TO PREDICT BEST PRODUCT TO CROSS-SELL TO CUSTOMERS",
              "textAlign": "LEFT",
              "isTransparent": false
            },
            "autoLoad": true,
            "showTitle": "NO",
            "displayMode": "INSIGHT",
            "resizeImageMode": "FIT_SIZE"
          },
          {
            "tileType": "INSIGHT",
            "box": {
              "top": 12,
              "left": 0,
              "width": 12,
              "height": 6
            },
            "clickAction": "DO_NOTHING",
            "tileParams": {
              "displayMode": "pdp_plot",
              "advancedOptions": {
                "interactiveScoring": {
                  "featuresOrder": [
                    "last_education_lvl_desc",
                    "vintage_year_group",
                    "generation_group",
                    "religion_desc",
                    "avg_bal_last_1_month",
                    "curr_bal_avg",
                    "age_group",
                    "balance_change_lastperiod_avg",
                    "permanent_residence",
                    "city_of_birth",
                    "gender",
                    "debit_trans_amt_min",
                    "debit_trans_amt_max",
                    "debit_idr_trans_amt_sum",
                    "debit_weekday_trans_amt_sum",
                    "credit_trans_amt_max",
                    "days_since_last_debit_avg",
                    "days_btw_first_and_last_debit_avg",
                    "marital_status_desc",
                    "credit_trans_amt_min",
                    "credit_idr_trans_amt_sum",
                    "debit_weekday_trans_count",
                    "debit_idr_trans_count",
                    "debit_trans_count",
                    "debit_weekend_trans_amt_sum",
                    "credit_weekday_trans_amt_sum",
                    "days_since_last_credit_avg",
                    "debit_weekend_trans_count",
                    "credit_idr_trans_count",
                    "credit_trans_count",
                    "credit_weekday_trans_count",
                    "days_btw_first_and_last_credit_avg",
                    "nationality_cd",
                    "foreign_ccy_debit_count",
                    "credit_weekend_trans_amt_sum",
                    "credit_weekend_trans_count",
                    "foreign_ccy_credit_count"
                  ]
                }
              }
            },
            "autoLoad": true,
            "showTitle": "YES",
            "title": "Partial Dependence Plot of Generation Group",
            "insightId": "AF51WdD",
            "insightType": "saved-model_report",
            "displayMode": "INSIGHT",
            "resizeImageMode": "FIT_SIZE"
          },
          {
            "tileType": "INSIGHT",
            "box": {
              "top": 18,
              "left": 0,
              "width": 12,
              "height": 6
            },
            "clickAction": "DO_NOTHING",
            "tileParams": {
              "displayMode": "pdp_plot",
              "advancedOptions": {
                "interactiveScoring": {
                  "featuresOrder": [
                    "last_education_lvl_desc",
                    "vintage_year_group",
                    "generation_group",
                    "religion_desc",
                    "avg_bal_last_1_month",
                    "curr_bal_avg",
                    "age_group",
                    "balance_change_lastperiod_avg",
                    "permanent_residence",
                    "city_of_birth",
                    "gender",
                    "debit_trans_amt_min",
                    "debit_trans_amt_max",
                    "debit_idr_trans_amt_sum",
                    "debit_weekday_trans_amt_sum",
                    "credit_trans_amt_max",
                    "days_since_last_debit_avg",
                    "days_btw_first_and_last_debit_avg",
                    "marital_status_desc",
                    "credit_trans_amt_min",
                    "credit_idr_trans_amt_sum",
                    "debit_weekday_trans_count",
                    "debit_idr_trans_count",
                    "debit_trans_count",
                    "debit_weekend_trans_amt_sum",
                    "credit_weekday_trans_amt_sum",
                    "days_since_last_credit_avg",
                    "debit_weekend_trans_count",
                    "credit_idr_trans_count",
                    "credit_trans_count",
                    "credit_weekday_trans_count",
                    "days_btw_first_and_last_credit_avg",
                    "nationality_cd",
                    "foreign_ccy_debit_count",
                    "credit_weekend_trans_amt_sum",
                    "credit_weekend_trans_count",
                    "foreign_ccy_credit_count"
                  ]
                }
              }
            },
            "autoLoad": true,
            "showTitle": "YES",
            "title": "Partial Dependence Plot of Debit Card Transactions",
            "insightId": "uq2ioYa",
            "insightType": "saved-model_report",
            "displayMode": "INSIGHT",
            "resizeImageMode": "FIT_SIZE"
          },
          {
            "tileType": "INSIGHT",
            "box": {
              "top": 7,
              "left": 0,
              "width": 5,
              "height": 5
            },
            "clickAction": "DO_NOTHING",
            "tileParams": {
              "displayMode": "mc_confusion",
              "advancedOptions": {
                "interactiveScoring": {
                  "featuresOrder": [
                    "last_education_lvl_desc",
                    "vintage_year_group",
                    "generation_group",
                    "religion_desc",
                    "avg_bal_last_1_month",
                    "curr_bal_avg",
                    "age_group",
                    "balance_change_lastperiod_avg",
                    "permanent_residence",
                    "city_of_birth",
                    "gender",
                    "debit_trans_amt_min",
                    "debit_trans_amt_max",
                    "debit_idr_trans_amt_sum",
                    "debit_weekday_trans_amt_sum",
                    "credit_trans_amt_max",
                    "days_since_last_debit_avg",
                    "days_btw_first_and_last_debit_avg",
                    "marital_status_desc",
                    "credit_trans_amt_min",
                    "credit_idr_trans_amt_sum",
                    "debit_weekday_trans_count",
                    "debit_idr_trans_count",
                    "debit_trans_count",
                    "debit_weekend_trans_amt_sum",
                    "credit_weekday_trans_amt_sum",
                    "days_since_last_credit_avg",
                    "debit_weekend_trans_count",
                    "credit_idr_trans_count",
                    "credit_trans_count",
                    "credit_weekday_trans_count",
                    "days_btw_first_and_last_credit_avg",
                    "nationality_cd",
                    "foreign_ccy_debit_count",
                    "credit_weekend_trans_amt_sum",
                    "credit_weekend_trans_count",
                    "foreign_ccy_credit_count"
                  ]
                }
              }
            },
            "autoLoad": true,
            "showTitle": "YES",
            "title": "Confusion Matrix",
            "insightId": "z4iDGl1",
            "insightType": "saved-model_report",
            "displayMode": "INSIGHT",
            "resizeImageMode": "FIT_SIZE"
          },
          {
            "tileType": "INSIGHT",
            "box": {
              "top": 24,
              "left": 0,
              "width": 12,
              "height": 6
            },
            "clickAction": "DO_NOTHING",
            "tileParams": {
              "displayMode": "grid_search",
              "advancedOptions": {
                "interactiveScoring": {
                  "featuresOrder": [
                    "last_education_lvl_desc",
                    "vintage_year_group",
                    "generation_group",
                    "religion_desc",
                    "avg_bal_last_1_month",
                    "curr_bal_avg",
                    "age_group",
                    "balance_change_lastperiod_avg",
                    "permanent_residence",
                    "city_of_birth",
                    "gender",
                    "debit_trans_amt_min",
                    "debit_trans_amt_max",
                    "debit_idr_trans_amt_sum",
                    "debit_weekday_trans_amt_sum",
                    "credit_trans_amt_max",
                    "days_since_last_debit_avg",
                    "days_btw_first_and_last_debit_avg",
                    "marital_status_desc",
                    "credit_trans_amt_min",
                    "credit_idr_trans_amt_sum",
                    "debit_weekday_trans_count",
                    "debit_idr_trans_count",
                    "debit_trans_count",
                    "debit_weekend_trans_amt_sum",
                    "credit_weekday_trans_amt_sum",
                    "days_since_last_credit_avg",
                    "debit_weekend_trans_count",
                    "credit_idr_trans_count",
                    "credit_trans_count",
                    "credit_weekday_trans_count",
                    "days_btw_first_and_last_credit_avg",
                    "nationality_cd",
                    "foreign_ccy_debit_count",
                    "credit_weekend_trans_amt_sum",
                    "credit_weekend_trans_count",
                    "foreign_ccy_credit_count"
                  ]
                }
              }
            },
            "autoLoad": true,
            "showTitle": "YES",
            "title": "Hyperparameter Optimization",
            "insightId": "HIipFw6",
            "insightType": "saved-model_report",
            "displayMode": "INSIGHT",
            "resizeImageMode": "FIT_SIZE"
          }
        ]
      },
      "title": "Cross Sell Model",
      "showTitle": false
    },
    {
      "id": "8SMvoCT",
      "grid": {
        "tiles": [
          {
            "tileType": "TEXT",
            "box": {
              "top": 0,
              "left": 0,
              "width": 12,
              "height": 1
            },
            "clickAction": "DO_NOTHING",
            "tileParams": {
              "text": "#CUSTOMER SEGMENTATION\n#### USING UNSUPERVISED LEARNING TO LEARN PATTERNS AND GROUP CUSTOMERS WITH SIMILAR CHARACTERISTICS",
              "textAlign": "LEFT",
              "isTransparent": false
            },
            "autoLoad": true,
            "showTitle": "NO",
            "displayMode": "INSIGHT",
            "resizeImageMode": "FIT_SIZE"
          },
          {
            "tileType": "INSIGHT",
            "box": {
              "top": 7,
              "left": 0,
              "width": 6,
              "height": 4
            },
            "clickAction": "OPEN_INSIGHT",
            "tileParams": {
              "showXAxis": true,
              "showYAxis": true,
              "showLegend": false,
              "showTooltips": true,
              "autoPlayAnimation": true
            },
            "autoLoad": true,
            "showTitle": "YES",
            "title": "Age Group by Segment",
            "insightId": "qbCirV9",
            "insightType": "chart",
            "displayMode": "INSIGHT",
            "resizeImageMode": "FIT_SIZE"
          },
          {
            "tileType": "INSIGHT",
            "box": {
              "top": 11,
              "left": 0,
              "width": 6,
              "height": 3
            },
            "clickAction": "OPEN_INSIGHT",
            "tileParams": {
              "showXAxis": true,
              "showYAxis": true,
              "showLegend": false,
              "showTooltips": true,
              "autoPlayAnimation": true
            },
            "autoLoad": true,
            "showTitle": "YES",
            "title": "Education by Segment",
            "insightId": "9C6HOYx",
            "insightType": "chart",
            "displayMode": "INSIGHT",
            "resizeImageMode": "FIT_SIZE"
          },
          {
            "tileType": "INSIGHT",
            "box": {
              "top": 11,
              "left": 6,
              "width": 6,
              "height": 3
            },
            "clickAction": "OPEN_INSIGHT",
            "tileParams": {
              "showXAxis": true,
              "showYAxis": true,
              "showLegend": false,
              "showTooltips": true,
              "autoPlayAnimation": true
            },
            "autoLoad": true,
            "showTitle": "YES",
            "title": "Gender by Segment",
            "insightId": "ul5Ja6x",
            "insightType": "chart",
            "displayMode": "INSIGHT",
            "resizeImageMode": "FIT_SIZE"
          },
          {
            "tileType": "INSIGHT",
            "box": {
              "top": 14,
              "left": 0,
              "width": 6,
              "height": 3
            },
            "clickAction": "OPEN_INSIGHT",
            "tileParams": {
              "showXAxis": true,
              "showYAxis": true,
              "showLegend": false,
              "showTooltips": true,
              "autoPlayAnimation": true
            },
            "autoLoad": true,
            "showTitle": "YES",
            "title": "Bank Tenure by Segment",
            "insightId": "bfhWJxQ",
            "insightType": "chart",
            "displayMode": "INSIGHT",
            "resizeImageMode": "FIT_SIZE"
          },
          {
            "tileType": "INSIGHT",
            "box": {
              "top": 14,
              "left": 6,
              "width": 6,
              "height": 3
            },
            "clickAction": "OPEN_INSIGHT",
            "tileParams": {
              "showXAxis": true,
              "showYAxis": true,
              "showLegend": false,
              "showTooltips": true,
              "autoPlayAnimation": true
            },
            "autoLoad": true,
            "showTitle": "YES",
            "title": "Occupation by Segment",
            "insightId": "ZtIx4nU",
            "insightType": "chart",
            "displayMode": "INSIGHT",
            "resizeImageMode": "FIT_SIZE"
          },
          {
            "tileType": "INSIGHT",
            "box": {
              "top": 1,
              "left": 4,
              "width": 8,
              "height": 2
            },
            "clickAction": "OPEN_INSIGHT",
            "tileParams": {
              "showXAxis": true,
              "showYAxis": true,
              "showLegend": false,
              "showTooltips": true,
              "autoPlayAnimation": true
            },
            "autoLoad": true,
            "showTitle": "YES",
            "title": "Segment Summary",
            "insightId": "u36snVD",
            "insightType": "chart",
            "displayMode": "INSIGHT",
            "resizeImageMode": "FIT_SIZE"
          },
          {
            "tileType": "INSIGHT",
            "box": {
              "top": 3,
              "left": 0,
              "width": 6,
              "height": 4
            },
            "clickAction": "OPEN_INSIGHT",
            "tileParams": {
              "showXAxis": true,
              "showYAxis": true,
              "showLegend": false,
              "showTooltips": true,
              "autoPlayAnimation": true
            },
            "autoLoad": true,
            "showTitle": "YES",
            "title": "Customers by Segment",
            "insightId": "luSoiUn",
            "insightType": "chart",
            "displayMode": "INSIGHT",
            "resizeImageMode": "FIT_SIZE"
          },
          {
            "tileType": "INSIGHT",
            "box": {
              "top": 17,
              "left": 6,
              "width": 6,
              "height": 4
            },
            "clickAction": "OPEN_INSIGHT",
            "tileParams": {
              "showXAxis": true,
              "showYAxis": true,
              "showLegend": false,
              "showTooltips": true,
              "autoPlayAnimation": true
            },
            "autoLoad": true,
            "showTitle": "YES",
            "title": "Number of CASA Transactions (Debit)",
            "insightId": "Rgvz2Ja",
            "insightType": "chart",
            "displayMode": "INSIGHT",
            "resizeImageMode": "FIT_SIZE"
          },
          {
            "tileType": "INSIGHT",
            "box": {
              "top": 17,
              "left": 0,
              "width": 6,
              "height": 4
            },
            "clickAction": "OPEN_INSIGHT",
            "tileParams": {
              "showXAxis": true,
              "showYAxis": true,
              "showLegend": false,
              "showTooltips": true,
              "autoPlayAnimation": true
            },
            "autoLoad": true,
            "showTitle": "YES",
            "title": "Number of CASA Transactions (Credit)",
            "insightId": "lIDbYNv",
            "insightType": "chart",
            "displayMode": "INSIGHT",
            "resizeImageMode": "FIT_SIZE"
          },
          {
            "tileType": "INSIGHT",
            "box": {
              "top": 3,
              "left": 6,
              "width": 6,
              "height": 4
            },
            "clickAction": "OPEN_INSIGHT",
            "tileParams": {
              "showXAxis": true,
              "showYAxis": true,
              "showLegend": false,
              "showTooltips": true,
              "autoPlayAnimation": true
            },
            "autoLoad": true,
            "showTitle": "YES",
            "title": "Credit Cards by Segment",
            "insightId": "zZYUsTM",
            "insightType": "chart",
            "displayMode": "INSIGHT",
            "resizeImageMode": "FIT_SIZE"
          },
          {
            "tileType": "INSIGHT",
            "box": {
              "top": 7,
              "left": 6,
              "width": 6,
              "height": 4
            },
            "clickAction": "OPEN_INSIGHT",
            "tileParams": {
              "showXAxis": true,
              "showYAxis": true,
              "showLegend": false,
              "showTooltips": true,
              "autoPlayAnimation": true
            },
            "autoLoad": true,
            "showTitle": "YES",
            "title": "Time Deposits owned by Segment",
            "insightId": "pSRCqra",
            "insightType": "chart",
            "displayMode": "INSIGHT",
            "resizeImageMode": "FIT_SIZE"
          },
          {
            "tileType": "INSIGHT",
            "box": {
              "top": 1,
              "left": 0,
              "width": 4,
              "height": 2
            },
            "clickAction": "OPEN_INSIGHT",
            "tileParams": {
              "displayMode": "LAST_VALUE"
            },
            "autoLoad": true,
            "showTitle": "YES",
            "title": "Number of CASA Customers",
            "insightId": "7gIRJCs",
            "insightType": "metrics",
            "displayMode": "INSIGHT",
            "resizeImageMode": "FIT_SIZE"
          },
          {
            "tileType": "INSIGHT",
            "box": {
              "top": 21,
              "left": 0,
              "width": 12,
              "height": 5
            },
            "clickAction": "OPEN_INSIGHT",
            "tileParams": {},
            "autoLoad": true,
            "showTitle": "YES",
            "insightId": "iBHSsPE",
            "insightType": "eda",
            "displayMode": "INSIGHT",
            "resizeImageMode": "FIT_SIZE"
          },
          {
            "tileType": "INSIGHT",
            "box": {
              "top": 26,
              "left": 0,
              "width": 8,
              "height": 9
            },
            "clickAction": "DO_NOTHING",
            "tileParams": {
              "displayMode": "heatmap",
              "advancedOptions": {}
            },
            "autoLoad": true,
            "showTitle": "YES",
            "insightId": "47r3VWH",
            "insightType": "saved-model_report",
            "displayMode": "INSIGHT",
            "resizeImageMode": "FIT_SIZE"
          }
        ]
      },
      "title": "Customer Segmentation",
      "showTitle": false
    },
    {
      "id": "iGuulG0",
      "grid": {
        "tiles": [
          {
            "tileType": "INSIGHT",
            "box": {
              "top": 10,
              "left": 4,
              "width": 8,
              "height": 3
            },
            "clickAction": "OPEN_INSIGHT",
            "tileParams": {
              "showXAxis": true,
              "showYAxis": true,
              "showLegend": false,
              "showTooltips": true,
              "autoPlayAnimation": true
            },
            "autoLoad": true,
            "showTitle": "YES",
            "title": "Selected Model: 8 Weeks Credit Txn Forecast (90% Confidence Interval)",
            "insightId": "wKYKMKz",
            "insightType": "chart",
            "displayMode": "INSIGHT",
            "resizeImageMode": "FIT_SIZE"
          },
          {
            "tileType": "INSIGHT",
            "box": {
              "top": 4,
              "left": 0,
              "width": 4,
              "height": 3
            },
            "clickAction": "OPEN_INSIGHT",
            "tileParams": {
              "showXAxis": true,
              "showYAxis": true,
              "showLegend": false,
              "showTooltips": true,
              "autoPlayAnimation": true
            },
            "autoLoad": true,
            "showTitle": "YES",
            "title": "CASA Account Types",
            "insightId": "tCcLivs",
            "insightType": "chart",
            "displayMode": "INSIGHT",
            "resizeImageMode": "FIT_SIZE"
          },
          {
            "tileType": "TEXT",
            "box": {
              "top": 0,
              "left": 0,
              "width": 12,
              "height": 1
            },
            "clickAction": "DO_NOTHING",
            "tileParams": {
              "text": "#TIME SERIES FORECASTING - TREND PREDICTION\n#### USING CASA TRANSACTIONS FROM FEB 2018 - OCT 2018 TO PREDICT TRANSACTION VOLUME IN NEXT 2 MONTHS",
              "textAlign": "LEFT",
              "isTransparent": false
            },
            "autoLoad": true,
            "showTitle": "NO",
            "displayMode": "INSIGHT",
            "resizeImageMode": "FIT_SIZE"
          },
          {
            "tileType": "INSIGHT",
            "box": {
              "top": 1,
              "left": 0,
              "width": 4,
              "height": 3
            },
            "clickAction": "OPEN_INSIGHT",
            "tileParams": {
              "displayMode": "LAST_VALUE"
            },
            "autoLoad": true,
            "showTitle": "YES",
            "title": "Number of CASA Transactions",
            "insightId": "5DWaUKP",
            "insightType": "metrics",
            "displayMode": "INSIGHT",
            "resizeImageMode": "FIT_SIZE"
          },
          {
            "tileType": "INSIGHT",
            "box": {
              "top": 1,
              "left": 4,
              "width": 4,
              "height": 3
            },
            "clickAction": "OPEN_INSIGHT",
            "tileParams": {
              "displayMode": "LAST_VALUE"
            },
            "autoLoad": true,
            "showTitle": "YES",
            "title": "Amount of CASA Transactions (IDR)",
            "insightId": "3JktTWZ",
            "insightType": "metrics",
            "displayMode": "INSIGHT",
            "resizeImageMode": "FIT_SIZE"
          },
          {
            "tileType": "INSIGHT",
            "box": {
              "top": 7,
              "left": 0,
              "width": 6,
              "height": 3
            },
            "clickAction": "OPEN_INSIGHT",
            "tileParams": {
              "showXAxis": true,
              "showYAxis": true,
              "showLegend": false,
              "showTooltips": true,
              "autoPlayAnimation": true
            },
            "autoLoad": true,
            "showTitle": "YES",
            "insightId": "0Xec1zU",
            "insightType": "chart",
            "displayMode": "INSIGHT",
            "resizeImageMode": "FIT_SIZE"
          },
          {
            "tileType": "INSIGHT",
            "box": {
              "top": 7,
              "left": 6,
              "width": 6,
              "height": 3
            },
            "clickAction": "OPEN_INSIGHT",
            "tileParams": {
              "showXAxis": true,
              "showYAxis": true,
              "showLegend": false,
              "showTooltips": true,
              "autoPlayAnimation": true
            },
            "autoLoad": true,
            "showTitle": "YES",
            "insightId": "oCrN2qX",
            "insightType": "chart",
            "displayMode": "INSIGHT",
            "resizeImageMode": "FIT_SIZE"
          },
          {
            "tileType": "INSIGHT",
            "box": {
              "top": 10,
              "left": 0,
              "width": 4,
              "height": 3
            },
            "clickAction": "OPEN_INSIGHT",
            "tileParams": {
              "showXAxis": true,
              "showYAxis": true,
              "showLegend": false,
              "showTooltips": true,
              "autoPlayAnimation": true
            },
            "autoLoad": true,
            "showTitle": "YES",
            "title": "Mean Absolute Scaled Error (MASE) for Credit Txn Forecast",
            "insightId": "9qPYc0s",
            "insightType": "chart",
            "displayMode": "INSIGHT",
            "resizeImageMode": "FIT_SIZE"
          },
          {
            "tileType": "INSIGHT",
            "box": {
              "top": 4,
              "left": 4,
              "width": 4,
              "height": 3
            },
            "clickAction": "DO_NOTHING",
            "tileParams": {},
            "autoLoad": true,
            "showTitle": "YES",
            "insightId": "matplotlib-plot",
            "insightType": "static_file",
            "displayMode": "INSIGHT",
            "resizeImageMode": "FIT_SIZE"
          },
          {
            "tileType": "INSIGHT",
            "box": {
              "top": 1,
              "left": 8,
              "width": 4,
              "height": 3
            },
            "clickAction": "OPEN_INSIGHT",
            "tileParams": {},
            "autoLoad": true,
            "showTitle": "YES",
            "title": "Quantile table of Transaction Amount",
            "insightId": "ZvTLNbw",
            "insightType": "eda",
            "displayMode": "INSIGHT",
            "resizeImageMode": "FIT_SIZE"
          },
          {
            "tileType": "INSIGHT",
            "box": {
              "top": 4,
              "left": 8,
              "width": 4,
              "height": 3
            },
            "clickAction": "OPEN_INSIGHT",
            "tileParams": {
              "showXAxis": true,
              "showYAxis": false,
              "showLegend": false,
              "showTooltips": true,
              "autoPlayAnimation": true
            },
            "autoLoad": true,
            "showTitle": "YES",
            "title": "Seasonality",
            "insightId": "vjIEMQk",
            "insightType": "chart",
            "displayMode": "INSIGHT",
            "resizeImageMode": "FIT_SIZE"
          }
        ]
      },
      "title": "Pattern Trend \u0026 Prediction",
      "showTitle": false
    },
    {
      "id": "k7Hqb23",
      "grid": {
        "tiles": [
          {
            "tileType": "TEXT",
            "box": {
              "top": 0,
              "left": 0,
              "width": 12,
              "height": 1
            },
            "clickAction": "DO_NOTHING",
            "tileParams": {
              "text": "#PREDICTED PRODUCTS CLUSTER",
              "textAlign": "LEFT",
              "isTransparent": false
            },
            "autoLoad": true,
            "showTitle": "NO",
            "displayMode": "INSIGHT",
            "resizeImageMode": "FIT_SIZE"
          },
          {
            "tileType": "INSIGHT",
            "box": {
              "top": 1,
              "left": 0,
              "width": 8,
              "height": 3
            },
            "clickAction": "OPEN_INSIGHT",
            "tileParams": {
              "showXAxis": true,
              "showYAxis": false,
              "showLegend": true,
              "showTooltips": true,
              "autoPlayAnimation": true
            },
            "autoLoad": true,
            "showTitle": "YES",
            "title": "Products Recommendation Prediction by Generation Group",
            "insightId": "ZnVoW2P",
            "insightType": "chart",
            "displayMode": "INSIGHT",
            "resizeImageMode": "FIT_SIZE"
          },
          {
            "tileType": "INSIGHT",
            "box": {
              "top": 4,
              "left": 0,
              "width": 12,
              "height": 4
            },
            "clickAction": "OPEN_INSIGHT",
            "tileParams": {
              "showXAxis": true,
              "showYAxis": false,
              "showLegend": true,
              "showTooltips": true,
              "autoPlayAnimation": true
            },
            "autoLoad": true,
            "showTitle": "YES",
            "title": "Products Recommendation Prediction by Cluster Labels",
            "borderColor": "",
            "insightId": "xMUvqpW",
            "insightType": "chart",
            "displayMode": "INSIGHT",
            "resizeImageMode": "FIT_SIZE"
          }
        ]
      },
      "title": "Predicted Products Cluster",
      "showTitle": false
    }
  ],
  "owner": "nick",
  "listed": true,
  "name": "Bank Customer Segmentation\u0027s default dashboard",
  "showGrid": true,
  "versionTag": {
    "versionNumber": 626,
    "lastModifiedBy": {
      "login": "ririn.abeam"
    },
    "lastModifiedOn": 1627302379473
  },
  "creationTag": {
    "versionNumber": 0,
    "lastModifiedBy": {
      "login": "nick"
    },
    "lastModifiedOn": 1626231963517
  },
  "tags": [],
  "customFields": {},
  "checklists": {
    "checklists": []
  }
}